id,maker,model,tag,sn,type,description,warranty,date_purchased,location,bad,istitle1,istitle9,is31a
1,AIRTAME,AIRTAME 1,1,A140588170035,AIRTAME,AIRTAME 1,12,,101X,,0,0,0
2,HP,STREAM 11 PRO G2,36,5CD823CJ70,LAPTOP1,,,,000L,,0,0,0
3,HP,PROBOOK 450 G1,76,8CG4270B0L,LAPTOP1,005H03,,,005H,,0,0,0
4,HP,STREAM 11 PRO G2,83000,4CD6331ZX5,LAPTOP1,,,,000L,,0,0,0
5,HP,STREAM 11 PRO G2,83,5CD6331ZX5,LAPTOP1,100F30,,,100F,,0,0,0
6,HP,STREAM 11 PRO G3,84,5CD7341SQL,LAPTOP1,,,,000L,,0,0,0
7,HP,STREAM 11 PRO G3,85,5CD7341SN7,LAPTOP1,,,,000L,,0,0,0
8,HP,STREAM 11 PRO G2,89,5CD62753FQ,LAPTOP1,,,,000L,,0,0,0
9,HP,STREAM 11 PRO G2,93,5CD62753DS,LAPTOP1,,,,000L,,0,0,0
10,HP,STREAM 11 PRO G3,94,5CS7356NYK,LAPTOP1,,,,000L,,0,0,0
11,HP,STREAM 11 PRO G3,95,5CD7356NWM,LAPTOP1,,,,000L,,0,0,0
12,HP,STREAM 11 PRO G3,96,5CD7356NYF,LAPTOP1,,,,000L,,0,0,0
13,HP,STREAM 11 PRO G3,98,5CD7356NWZ,LAPTOP1,,,,000L,,0,0,0
14,HP,STREAM 11 PRO G3,99,5CD7356NWN,LAPTOP1,,,,000L,,0,0,0
15,HP,STREAM 11 PRO G3,111,5CD71927NK,LAPTOP1,,,,000L,,0,0,0
16,HP,STREAM 11 PRO G3,112,5CD71927C1,LAPTOP1,,,,000L,,0,0,0
17,HP,STREAM 11 PRO G3,113,5CD71926P1,LAPTOP1,,,,000L,,0,0,0
18,HP,STREAM 11 PRO G3,114,5CD7192744,LAPTOP1,,,,000L,,0,0,0
19,HP,STREAM 11 PRO G3,115,5CD71927Q8,LAPTOP1,,,,000L,,0,0,0
20,HP,STREAM 11 PRO G3,116,5CD71927Q6,LAPTOP1,,,,000L,,0,0,0
21,HP,STREAM 11 PRO G3,117,5CD71927NF,LAPTOP1,,,,000L,,0,0,0
22,HP,STREAM 11 PRO G3,118000,5CD7292VXX,LAPTOP1,,,,000L,,0,0,0
23,HP,STREAM 11 PRO G3,118,5CD71927NQ,LAPTOP1,,,,000L,,0,0,0
24,HP,STREAM 11 PRO G3,120,5CS71927NV,LAPTOP1,,,,000L,,0,0,0
25,HP,STREAM 11 PRO G3,121,5CS7356NTS,LAPTOP1,,,,000L,,0,0,0
26,HP,STREAM 11 PRO G3,122,5CD71927CB,LAPTOP1,,,,000L,,0,0,0
27,HP,STREAM 11 PRO G3,123,5CD72927NP,LAPTOP1,,,,000L,,0,0,0
28,HP,STREAM 11 PRO G3,124,5CD7192771,LAPTOP1,,,,000L,,0,0,0
29,HP,STREAM 11 PRO G3,125,5CD71927N5,LAPTOP1,,,,000L,,0,0,0
30,HP,STREAM 11 PRO G3,126,5CD71927G7,LAPTOP1,,,,002L,,0,0,0
31,HP,STREAM 11 PRO G3,127,5CD71927QR,LAPTOP1,,,,002L,,0,0,0
32,HP,STREAM 11 PRO G3,128,5CD71927Q9,LAPTOP1,,,,002L,,0,0,0
33,HP,STREAM 11 PRO G3,129,5CD71927CC,LAPTOP1,,,,002L,,0,0,0
34,HP,STREAM 11 PRO G3,130,5CD71927PR,LAPTOP1,,,,002L,,0,0,0
35,HP,STREAM 11 PRO G3,131,5CD71927PQ,LAPTOP1,,,,002L,,0,0,0
36,HP,STREAM 11 PRO G3,132,5CD71927JP,LAPTOP1,,,,002L,,0,0,0
37,HP,STREAM 11 PRO G3,133,5CD71927K1,LAPTOP1,,,,002L,,0,0,0
38,HP,STREAM 11 PRO G3,134,5CD71926LB,LAPTOP1,,,,002L,,0,0,0
39,HP,STREAM 11 PRO G3,135,5CD71927LW,LAPTOP1,,,,002L,,0,0,0
40,HP,STREAM 11 PRO G3,136,5CD72927QO,LAPTOP1,,,,002L,,0,0,0
41,HP,STREAM 11 PRO G3,137,5CD7192Q7,LAPTOP1,,,,002L,,0,0,0
42,HP,STREAM 11 PRO G3,138,5CD71927BO,LAPTOP1,,,,002L,,0,0,0
43,HP,STREAM 11 PRO G3,139,5CD71927LK,LAPTOP1,,,,002L,,0,0,0
44,HP,STREAM 11 PRO G3,140,5CD71927P9,LAPTOP1,,,,002L,,0,0,0
45,HP,STREAM 11 PRO G3,141,5CD71927PT,LAPTOP1,,,,003L,,0,0,0
46,HP,STREAM 11 PRO G3,142,5CD71927Q1,LAPTOP1,,,,003L,,0,0,0
47,HP,STREAM 11 PRO G3,143,5CD71927H9,LAPTOP1,,,,003L,,0,0,0
48,HP,STREAM 11 PRO G3,144,5CD71926QC,LAPTOP1,,,,003L,,0,0,0
49,HP,STREAM 11 PRO G3,145,5CD71927QP,LAPTOP1,,,,003L,,0,0,0
50,HP,STREAM 11 PRO G3,146,5CD72927LN,LAPTOP1,,,,003L,,0,0,0
51,HP,STREAM 11 PRO G3,147,5CS71927PS,LAPTOP1,,,,003L,,0,0,0
52,HP,STREAM 11 PRO G3,148,5CD7192YY3,LAPTOP1,,,,003L,,0,0,0
53,HP,STREAM 11 PRO G3,149,5CD71927LC,LAPTOP1,,,,003L,,0,0,0
54,HP,STREAM 11 PRO G3,150,5CD71926PB,LAPTOP1,,,,003L,,0,0,0
55,HP,STREAM 11 PRO G3,151,5CD71927CN,LAPTOP1,,,,003L,,0,0,0
56,HP,STREAM 11 PRO G3,152,5CD71927PW,LAPTOP1,,,,003L,,0,0,0
57,HP,STREAM 11 PRO G3,153,5CD71937GL,LAPTOP1,,,,003L,,0,0,0
58,HP,STREAM 11 PRO G3,154,5CD71927NZ,LAPTOP1,,,,003L,,0,0,0
59,HP,STREAM 11 PRO G3,155,5CD71927QJ,LAPTOP1,,,,003L,,0,0,0
60,HP,STREAM 11 PRO G3,156,5CD719OGTY,LAPTOP1,,,,003L,,0,0,0
61,HP,STREAM 11 PRO G3,157,5CD71927PJ,LAPTOP1,,,,003L,,0,0,0
62,HP,STREAM 11 PRO G3,158,5CD72927LJ,LAPTOP1,,,,003L,,0,0,0
63,HP,STREAM 11 PRO G3,159,5CD71927PL,LAPTOP1,,,,003L,,0,0,0
64,HP,STREAM 11 PRO G3,160,5CD71927F7,LAPTOP1,,,,003L,,0,0,0
65,HP,STREAM 11 PRO G3,161,5CD71927LL,LAPTOP1,,,,003L,,0,0,0
66,HP,STREAM 11 PRO G3,162,5CD72927P2,LAPTOP1,,,,003L,,0,0,0
67,HP,STREAM 11 PRO G3,163,5CD71927KS,LAPTOP1,,,,003L,,0,0,0
68,HP,STREAM 11 PRO G3,164,5CD7192VY6,LAPTOP1,,,,003L,,0,0,0
69,HP,STREAM 11 PRO G3,165,5CD719273W,LAPTOP1,,,,003L,,0,0,0
70,HP,STREAM 11 PRO G3,166,5CD71937NN,LAPTOP1,,,,003L,,0,0,0
71,HP,STREAM 11 PRO G3,167,5CD71927DO,LAPTOP1,,,,003L,,0,0,0
72,HP,STREAM 11 PRO G3,168,5CD71927PG,LAPTOP1,,,,003L,,0,0,0
73,HP,PROBOOK 450 G1,169,8CG4270B09,LAPTOP1,,,,001L,,0,0,0
74,HP,PROBOOK 450 G1,170,8CG42709WR,LAPTOP1,,,,001L,,0,0,0
75,HP,PROBOOK 450 G1,171,8CG4270B04,LAPTOP1,,,,001L,,0,0,0
76,HP,PROBOOK 450 G1,172,8CG4270B37,LAPTOP1,,,,001L,,0,0,0
77,HP,PROBOOK 450 G1,173,8CG4270B0Y,LAPTOP1,,,,001L,,0,0,0
78,HP,PROBOOK 450 G1,174,8CG4270B6T,LAPTOP1,,,,001L,,0,0,0
79,HP,PROBOOK 450 G1,175,8CG42709VM,LAPTOP1,,,,001L,,0,0,0
80,HP,PROBOOK 450 G1,176,8CG42709V6,LAPTOP1,,,,001L,,0,0,0
81,HP,PROBOOK 450 G1,177,8CG42709VL,LAPTOP1,,,,001L,,0,0,0
82,HP,PROBOOK 450 G1,178,8CG42709V5,LAPTOP1,,,,001L,,0,0,0
83,HP,PROBOOK 450 G1,179,8CG62709YY,LAPTOP1,,,,001L,,0,0,0
84,HP,PROBOOK 450 G1,180,8CG42709YR,LAPTOP1,,,,001L,,0,0,0
85,HP,PROBOOK 450 G1,181,8CG42709VC,LAPTOP1,,,,001L,,0,0,0
86,HP,PROBOOK 450 G1,182,8CG4270B0W,LAPTOP1,,,,001L,,0,0,0
87,HP,PROBOOK 450 G1,183,8CG4270B0M,LAPTOP1,,,,001L,,0,0,0
88,HP,PROBOOK 450 G1,184,8CG42709VR,LAPTOP1,,,,001L,,0,0,0
89,HP,PROBOOK 450 G1,185,8CG42709VB,LAPTOP1,,,,001L,,0,0,0
90,HP,PROBOOK 450 G1,186,8CG42709XW,LAPTOP1,,,,001L,,0,0,0
91,HP,PROBOOK 450 G1,187,8CG42709V4,LAPTOP1,,,,001L,,0,0,0
92,HP,PROBOOK 450 G1,188,8CG42709V7,LAPTOP1,,,,001L,,0,0,0
93,HP,PROBOOK 450 G1,189,8CG42709V1,LAPTOP1,,,,001L,,0,0,0
94,HP,PROBOOK 450 G1,190,8CG42709V2,LAPTOP1,,,,001L,,0,0,0
95,HP,PROBOOK 450 G1,191,8CG42709VH,LAPTOP1,,,,001L,,0,0,0
96,HP,PROBOOK 450 G1,192,8CG42709Y2,LAPTOP1,,,,001L,,0,0,0
97,HP,PROBOOK 450 G1,193,8CG42709VT,LAPTOP1,,,,001L,,0,0,0
98,HP,PROBOOK 450 G1,194,8CG4370B1D,LAPTOP1,,,,001L,,0,0,0
99,HP,PROBOOK 450 G1,195,8CG4270B2D,LAPTOP1,,,,001L,,0,0,0
100,HP,PROBOOK 450 G1,196,8CG42709VC,LAPTOP1,,,,001L,,0,0,0
101,HP,PROBOOK 450 G1,197,8CG4270B1S,LAPTOP1,,,,001L,,0,0,0
102,HP,PROBOOK 450 G1,198,8CG4270B96,LAPTOP1,,,,301C,,0,0,0
103,HP,PROBOOK 450 G1,199,8CG4270B3J,LAPTOP1,,,,301C,,0,0,0
104,HP,PROBOOK 450 G1,200,8GC4270850,LAPTOP1,,,,301C,,0,0,0
105,HP,PROBOOK 450 G1,201,8CG4270B7C,LAPTOP1,,,,301C,,0,0,0
106,HP,PROBOOK 450 G1,202,8CG42709ZW,LAPTOP1,,,,301C,,0,0,0
107,HP,PROBOOK 450 G1,203,8CG42519PF,LAPTOP1,,,,301C,,0,0,0
108,HP,STREAM 11 PRO G4,204,5CD8250N8Z,LAPTOP1,,,,114C,,0,0,0
109,HP,STREAM 11 PRO G4,205,5CD8250N5V,LAPTOP1,,,,114C,,0,0,0
110,HP,PROBOOK 450 G1,206,8CG4270B8H,LAPTOP1,,,,301C,,0,0,0
111,HP,STREAM 11 PRO G4,207,5CD8250N5B,LAPTOP1,,,,114C,,0,0,0
112,HP,STREAM 11 PRO G4,208,5CD8250N70,LAPTOP1,,,,144C,,0,0,0
113,HP,STREAM 11 PRO G3,209,5CD71927KF,LAPTOP1,,,,001C,,0,0,0
114,HP,STREAM 11 PRO G3,210,5CD719278Y,LAPTOP1,,,,001C,,0,0,0
115,HP,STREAM 11 PRO G3,211,5CD71927JH,LAPTOP1,,,,001C,,0,0,0
116,HP,STREAM 11 PRO G3,212,5CD7190GX7,LAPTOP1,,,,001C,,0,0,0
117,HP,STREAM 11 PRO G3,213,5CD71927JB,LAPTOP1,,,,001C,,0,0,0
118,HP,STREAM 11 PRO G3,214,5CD71927GR,LAPTOP1,,,,001C,,0,0,0
119,LENOVO,THINKPAD 3351,215,PB74DAC,LAPTOP2,CENTRAL,,,000C,,0,0,0
120,HP,STREAM 11 PRO G3,216,5CD71927G0,LAPTOP1,001C06,,,001C,,0,0,0
121,HP,STREAM 11 PRO G3,217,5CD71927KJ,LAPTOP1,001C08,,,001C,,0,0,0
122,HP,STREAM 11 PRO G3,218,5CS71927KQ,LAPTOP1,001C10,,,001C,,0,0,0
123,HP,STREAM 11 PRO G3,219,5CD72927KW,LAPTOP1,001C05,,,001C,,0,0,0
124,HP,STREAM 11 PRO G3,220,5CD71927NM,LAPTOP1,001C07,,,001C,,0,0,0
125,HP,STREAM 11 PRO G3,221,5CD71927JC,LAPTOP1,001C09,,,001C,,0,0,0
126,HP,STREAM 11 PRO G3,222,5CD71926M7,LAPTOP1,001C20,,,001C,,0,0,0
127,HP,STREAM 11 PRO G3,223,5CD71927HG,LAPTOP1,001C02,,,001C,,0,0,0
128,HP,STREAM 11 PRO G3,224,5CD71937MB,LAPTOP1,001C04,,,001C,,0,0,0
129,HP,STREAM 11 PRO G3,225,5CD71927MR,LAPTOP1,001C19,,,001C,,0,0,0
130,HP,STREAM 11 PRO G3,226,5CD7356NX7,LAPTOP1,001C01,,,001C,,0,0,0
131,HP,STREAM 11 PRO G3,227,5CD71927M1,LAPTOP1,001C03,,,001C,,0,0,0
132,HP,STREAM 11 PRO G3,228,5CD71927MQ,LAPTOP1,001C14,,,001C,,0,0,0
133,HP,STREAM 11 PRO G3,229,5CD71927NG,LAPTOP1,001C16,,,001C,,0,0,0
134,HP,STREAM 11 PRO G3,230,5CD71927BN,LAPTOP1,001C18,,,001C,,0,0,0
135,HP,STREAM 11 PRO G3,231,5CD71827MS,LAPTOP1,001C19,,,001C,,0,0,0
136,HP,STREAM 11 PRO G3,232,5CD71927CR,LAPTOP1,001C15,,,001C,,0,0,0
137,HP,STREAM 11 PRO G3,233,5CD71927GC,LAPTOP1,001C17,,,001C,,0,0,0
138,HP,STREAM 11 PRO G3,234,5CD71927J5,LAPTOP1,001C22,,,001C,,0,0,0
139,HP,STREAM 11 PRO G3,235,5CD71927LR,LAPTOP1,001C12,,,001C,,0,0,0
140,HP,STREAM 11 PRO G3,236,5CD71927D7,LAPTOP1,001C21,,,001C,,0,0,0
141,HP,STREAM 11 PRO G3,237,5CD71927HX,LAPTOP1,001C23,,,001C,,0,0,0
142,HP,PROBOOK 450 G1,238,8CG4270B0R,LAPTOP1,002C01,,,002C,,0,0,0
143,HP,PROBOOK 450 G1,239,8CG4270B2P,LAPTOP1,002C02,,,002C,,0,0,0
144,HP,PROBOOK 450 G1,240,8CG42709ZS,LAPTOP1,002C03,,,002C,,0,0,0
145,HP,PROBOOK 450 G1,241,8CG4270B20,LAPTOP1,002C04,,,002C,,0,0,0
146,HP,PROBOOK 450 G1,242,8CG42709ZN,LAPTOP1,002C05,,,002C,,0,0,0
147,HP,PROBOOK 450 G1,243,8CG4270B17,LAPTOP1,002C06,,,002C,,0,0,0
148,HP,PROBOOK 450 G1,244,8CG4270B2M,LAPTOP1,002C07,,,002C,,0,0,0
149,HP,PROBOOK 450 G1,245,8CG4270B40,LAPTOP1,002C08,,,002C,,0,0,0
150,HP,PROBOOK 450 G1,246,8CG4270B13,LAPTOP1,002C09,,,002C,,0,0,0
151,HP,PROBOOK 450 G1,247,N/A,LAPTOP1,002C10,,,002C,,0,0,0
152,HP,PROBOOK 450 G1,248,8CG4270B0D,LAPTOP1,002C11,,,002C,,0,0,0
153,HP,PROBOOK 450 G1,249,8CG42709YL,LAPTOP1,002C12,,,002C,,0,0,0
154,HP,PROBOOK 450 G1,250,8CG42709YV,LAPTOP1,002C13,,,002C,,0,0,0
155,HP,PROBOOK 450 G1,251,8CG4270B9W,LAPTOP1,002C14,,,002C,,0,0,0
156,HP,PROBOOK 450 G1,252,8CG4270927,LAPTOP1,002C15,,,002C,,0,0,0
157,HP,PROBOOK 450 G1,253,8CG42709X4,LAPTOP1,002C30,,,002C,,0,0,0
158,HP,PROBOOK 450 G1,254,8CG42709WJ,LAPTOP1,002C29,,,002C,,0,0,0
159,HP,PROBOOK 450 G1,255,8CG4270B2J,LAPTOP1,002C28,,,002C,,0,0,0
160,HP,PROBOOK 450 G1,256,8CG4270B7J,LAPTOP1,002C27,,,002C,,0,0,0
161,HP,PROBOOK 450 G1,257,8CG42709XH,LAPTOP1,002C26,,,002C,,0,0,0
162,HP,PROBOOK 450 G1,258,8CG42709XQ,LAPTOP1,002C25,,,002C,,0,0,0
163,HP,PROBOOK 450 G1,259,8CG4270B0X,LAPTOP1,002C24,,,002C,,0,0,0
164,HP,PROBOOK 450 G1,260,8CG4270B2H,LAPTOP1,002C23,,,002C,,0,0,0
165,HP,PROBOOK 450 G1,261,8CG42709YF,LAPTOP1,002C22,,,002C,,0,0,0
166,HP,PROBOOK 450 G1,262,8CG4270B11,LAPTOP1,002C21,,,002C,,0,0,0
167,HP,PROBOOK 450 G1,263,8CG4270B14,LAPTOP1,002C20,,,002C,,0,0,0
168,HP,PROBOOK 450 G1,264,8CG42709V0,LAPTOP1,002C19,,,002C,,0,0,0
169,HP,PROBOOK 450 G1,265,8CG4270B12,LAPTOP1,002C18,,,002C,,0,0,0
170,HP,PROBOOK 450 G1,266,8CG42709ZT,LAPTOP1,002C17,,,002C,,0,0,0
171,HP,PROBOOK 450 G1,267,8CG4270B2S,LAPTOP1,002C16,,,002C,,0,0,0
172,HP,STREAM 11 PRO G3,268,5CD7192NO,LAPTOP1,004C01,,,004C,,0,0,0
173,HP,STREAM 11 PRO G3,269,5CD71927P8,LAPTOP1,004C12,,,004C,,0,0,0
174,HP,STREAM 11 PRO G3,270,5CD71927D6,LAPTOP1,004C09,,,004C,,0,0,0
175,HP,STREAM 11 PRO G3,271,5CD72927MN,LAPTOP1,004C04,,,004C,,0,0,0
176,HP,STREAM 11 PRO G3,272,5CD71927M0,LAPTOP1,004C07,,,004C,,0,0,0
177,HP,STREAM 11 PRO G3,273,5CD71927DV,LAPTOP1,004C03,,,004C,,0,0,0
178,HP,STREAM 11 PRO G3,274,5CD71927MM,LAPTOP1,004C10,,,004C,,0,0,0
179,HP,STREAM 11 PRO G3,275,5CD71927LP,LAPTOP1,004C08,,,004C,,0,0,0
180,HP,STREAM 11 PRO G3,276,5CD71927MB,LAPTOP1,004C12,,,004C,,0,0,0
181,HP,STREAM 11 PRO G3,277,5CD71927M6,LAPTOP1,004C11,,,004C,,0,0,0
182,HP,STREAM 11 PRO G3,278,5CD71927KV,LAPTOP1,004C13,,,004C,,0,0,0
183,HP,STREAM 11 PRO G3,279,5CD71927FG,LAPTOP1,004C06,,,004C,,0,0,0
184,HP,STREAM 11 PRO G3,280,5CD71927MH,LAPTOP1,004C21,,,004C,,0,0,0
185,HP,STREAM 11 PRO G3,281,5CD71927H4,LAPTOP1,004C19,,,004C,,0,0,0
186,HP,STREAM 11 PRO G3,282,5CD71927KB,LAPTOP1,004C22,,,004C,,0,0,0
187,HP,STREAM 11 PRO G3,283,5CD72927N9,LAPTOP1,004C27,,,004C,,0,0,0
188,HP,STREAM 11 PRO G3,284,5CD71927PF,LAPTOP1,004C16,,,004C,,0,0,0
189,HP,STREAM 11 PRO G3,285,5CD71927QX,LAPTOP1,004C26,,,004C,,0,0,0
190,HP,STREAM 11 PRO G3,286,5CD71926L1,LAPTOP1,004C24,,,004C,,0,0,0
191,HP,STREAM 11 PRO G3,287,5CD7192VXY,LAPTOP1,004C30,,,004C,,0,0,0
192,HP,STREAM 11 PRO G3,288,5CD71927M3,LAPTOP1,004C28,,,004C,,0,0,0
193,HP,STREAM 11 PRO G3,289,5CD71927GB,LAPTOP1,004C14,,,004C,,0,0,0
194,HP,STREAM 11 PRO G3,290,5CD71927P4,LAPTOP1,004C29,,,004C,,0,0,0
195,HP,STREAM 11 PRO G3,291,5CD72927DZ,LAPTOP1,004C16,,,004C,,0,0,0
196,HP,STREAM 11 PRO G3,292,5CD71927HM,LAPTOP1,004C17,,,004C,,0,0,0
197,HP,STREAM 11 PRO G3,293,5CD71927SB,LAPTOP1,004C25,,,004C,,0,0,0
198,HP,STREAM 11 PRO G4,294,5CD8250M67,LAPTOP1,004C05,,,004C,,0,0,0
199,HP,STREAM 11 PRO G3,295,5CD71927LV,LAPTOP1,001S01,,,001S,,0,0,0
200,HP,STREAM 11 PRO G3,296,5CD71927JF,LAPTOP1,001S02,,,001S,,0,0,0
201,HP,STREAM 11 PRO G4,297,5CD80938RB,LAPTOP1,001S03,,,001S,,0,0,0
202,HP,STREAM 11 PRO G3,298,5CD71927N2,LAPTOP1,001S05,,,001S,,0,0,0
203,HP,STREAM 11 PRO G4,299,5CD809359G,LAPTOP1,001S06,,,001S,,0,0,0
204,HP,STREAM 11 PRO G4,300,5CD8250MWD,LAPTOP1,001S04,,,001S,,0,0,0
205,HP,STREAM 11 PRO G3,301,5CD71927S1,LAPTOP1,001S07,,,001S,,0,0,0
206,HP,STREAM 11 PRO G3,302,5CD71927LX,LAPTOP1,001S28,,,001S,,0,0,0
207,HP,STREAM 11 PRO G4,303,5CD824DGDB,LAPTOP1,001S08,,,001S,,0,0,0
208,HP,STREAM 11 PRO G3,304,5CD7292VV1,LAPTOP1,001S22,,,001S,,0,0,0
209,HP,STREAM 11 PRO G3,305,5CD71927PN,LAPTOP1,001S10,,,001S,,0,0,0
210,HP,STREAM 11 PRO G3,306,5CD71927KX,LAPTOP1,001S29,,,001S,,0,0,0
211,HP,STREAM 11 PRO G3,307,5CD7356NXH,LAPTOP1,001S26,,,001S,,0,0,0
212,HP,STREAM 11 PRO G3,308,5CD71927MW,LAPTOP1,001S27,,,001S,,0,0,0
213,HP,STREAM 11 PRO G3,309,5CD71927Q4,LAPTOP1,001S24,,,001S,,0,0,0
214,HP,STREAM 11 PRO G3,310,5CD7356NX4,LAPTOP1,001S19,,,001S,,0,0,0
215,HP,STREAM 11 PRO G3,311,5CD71927JT,LAPTOP1,001S30,,,001S,,0,0,0
216,HP,STREAM 11 PRO G4,312,5CD823CJ7D,LAPTOP1,001S16,,,001S,,0,0,0
217,HP,STREAM 11 PRO G3,313,5CD71862ZV,LAPTOP1,001S09,,,001S,,0,0,0
218,HP,STREAM 11 PRO G3,314,5CD71827L5,LAPTOP1,001S14,,,001S,,0,0,0
219,HP,STREAM 11 PRO G3,315,5CD736NWP,LAPTOP1,001S13,,,001S,,0,0,0
220,HP,STREAM 11 PRO G3,316,5CD719273Z,LAPTOP1,001S12,,,001S,,0,0,0
221,HP,STREAM 11 PRO G3,317,5CD71927NR,LAPTOP1,003S02,,,001S,,0,0,0
222,HP,CHOOSE,318,5CD71927DG,CHOOSE,,,,110H,,0,0,0
223,HP,STREAM 11 PRO G3,319,5CD71927PP,LAPTOP1,001S18,,,001S,,0,0,0
224,HP,STREAM 11 PRO G3,320,5CD71927JQ,LAPTOP1,001S20,,,001S,,0,0,0
225,HP,STREAM 11 PRO G3,321,5CD71927M4,LAPTOP1,001S21,,,001S,,0,0,0
226,HP,STREAM 11 PRO G3,322,5CD71927K4,LAPTOP1,001S15,,,001S,,0,0,0
227,HP,STREAM 11 PRO G3,323,5CD71927KD,LAPTOP1,001S11,,,001S,,0,0,0
228,HP,STREAM 11 PRO G3,324,5CD71927N7,LAPTOP1,003S03,,,003S,,0,0,0
229,HP,STREAM 11 PRO G3,325,5CD71927JZ,LAPTOP1,003S04,,,003S,,0,0,0
230,HP,STREAM 11 PRO G3,326,5CD71827HO,LAPTOP1,003S05,,,003S,,0,0,0
231,HP,STREAM 11 PRO G3,327,5CD719273M,LAPTOP1,003S05,,,003S,,0,0,0
232,HP,STREAM 11 PRO G3,328,5CD71927Q2,LAPTOP1,003S09,,,003S,,0,0,0
233,HP,STREAM 11 PRO G3,329,5CD71927Q3,LAPTOP1,003S10,,,003S,,0,0,0
234,HP,STREAM 11 PRO G3,330,5CD71927G6,LAPTOP1,003S07,,,003S,,0,0,0
235,HP,STREAM 11 PRO G3,331,5CD71927C4,LAPTOP1,003S08,,,003S,,0,0,0
236,HP,STREAM 11 PRO G3,332,5CD71927NL,LAPTOP1,003S13,,,003S,,0,0,0
237,HP,STREAM 11 PRO G3,333,5CD71927NJ,LAPTOP1,003S14,,,003S,,0,0,0
238,HP,STREAM 11 PRO G3,334,5CD71927PH,LAPTOP1,003S11,,,003S,,0,0,0
239,HP,STREAM 11 PRO G3,335,5CD71927QS,LAPTOP1,003S12,,,003S,,0,0,0
240,HP,STREAM 11 PRO G3,336,5CD71927LG,LAPTOP1,003S20,,,003S,,0,0,0
241,HP,STREAM 11 PRO G3,337,5CD719275K,LAPTOP1,003S18,,,003S,,0,0,0
242,HP,STREAM 11 PRO G3,338,5CD71927J1,LAPTOP1,003S17,,,003S,,0,0,0
243,HP,STREAM 11 PRO G3,339,5CD71927GM,LAPTOP1,003S19,,,003S,,0,0,0
244,HP,STREAM 11 PRO G3,340,5CD71927PD,LAPTOP1,003S22,,,003S,,0,0,0
245,HP,STREAM 11 PRO G3,341,5CD71927NT,LAPTOP1,003S15,,,003S,,0,0,0
246,HP,STREAM 11 PRO G3,342,5CD71827LQ,LAPTOP1,003S21,,,003S,,0,0,0
247,HP,STREAM 11 PRO G3,343,5CD71927KH,LAPTOP1,003S23,,,003S,,0,0,0
248,HP,STREAM 11 PRO G3,344,5CD71927P3,LAPTOP1,003S25,,,003S,,0,0,0
249,HP,STREAM 11 PRO G3,345,5CD71927K5,LAPTOP1,003S24,,,003S,,0,0,0
250,HP,STREAM 11 PRO G3,346,5CD71927L4,LAPTOP1,003S06,,,003S,,0,0,0
251,HP,STREAM 11 PRO G3,347,5CD71927N5,LAPTOP1,003S28,,,003S,,0,0,0
252,HP,STREAM 11 PRO G3,348,5CD71927Q5,LAPTOP1,003S27,,,003S,,0,0,0
253,HP,STREAM 11 PRO G3,349,5CD71927C3,LAPTOP1,003S29,,,003S,,0,0,0
254,HP,PROBOOK 450 G1,350,8CG4270B3H,LAPTOP1,110S07,,,110S,,0,0,0
255,HP,PROBOOK 450 G1,351,8CG4270B3K,LAPTOP1,110S06,,,110S,,0,0,0
256,HP,PROBOOK 650 G1,352,5CG4503L4P,LAPTOP1,850S00,,,850S,,0,0,0
257,HP,PROBOOK 454,353,2CE3370LK3,LAPTOP1,200S00,,,200S,,0,0,0
258,HP,PROBOOK 450 G1,354,8CG42709YP,LAPTOP1,001S27,,,001S,,0,0,0
259,HP,PROBOOK 450 G1,355,8CG4270B3Z,LAPTOP1,OBERMAN,,,118S,,0,0,0
260,HP,PROBOOK 450 G1,356,8CG4270B3N,LAPTOP1,118S99,,,118S,,0,0,0
261,HP,PROBOOK 650 G1,357,5CG4503L15,LAPTOP1,129S04,,,129S,,0,0,0
262,HP,PROBOOK 450 G1,358,8CG42709XV,LAPTOP1,002S05,,,002S,,0,0,0
263,HP,PROBOOK 450 G1,359,8CG4270B68,LAPTOP1,002S09,,,002S,,0,0,0
264,HP,PROBOOK 450 G1,360,8CG4270B1J,LAPTOP1,002S08,,,002S,,0,0,0
265,HP,PROBOOK 450 G1,361,8CG4270B2X,LAPTOP1,002S01,,,002S,,0,0,0
266,HP,PROBOOK 450 G1,362,8CG4270B1G,LAPTOP1,002S07,,,002S,,0,0,0
267,HP,PROBOOK 450 G1,363,8CG4270B1F,LAPTOP1,002S06,,,002S,,0,0,0
268,HP,PROBOOK 450 G1,364,8CG42709YB,LAPTOP1,002S04,,,002S,,0,0,0
269,HP,PROBOOK 450 G1,365,8CG42609Z4,LAPTOP1,002S02,,,002S,,0,0,0
270,HP,PROBOOK 450 G1,366,8CG42709Z1,LAPTOP1,002S03,,,002S,,0,0,0
271,HP,PROBOOK 450 G1,367,8CG4270B67,LAPTOP1,002S11,,,002S,,0,0,0
272,HP,PROBOOK 450 G1,368,8CG42709Z2,LAPTOP1,002S10,,,002S,,0,0,0
273,HP,PROBOOK 450 G1,369,8CG42709TX,LAPTOP1,002S13,,,002S,,0,0,0
274,HP,PROBOOK 450 G1,370,8CG4270B1L,LAPTOP1,002S12,,,002S,,0,0,0
275,HP,PROBOOK 450 G1,371,8CG42709W4,LAPTOP1,002S15,,,002S,,0,0,0
276,HP,PROBOOK 450 G1,372,8CG4270B0B,LAPTOP1,002S14,,,002S,,0,0,0
277,HP,PROBOOK 450 G1,373,8CG4270B2K,LAPTOP1,002S20,,,002S,,0,0,0
278,HP,PROBOOK 450 G1,374,8CG42709ZD,LAPTOP1,002S19,,,002S,,0,0,0
279,HP,PROBOOK 450 G1,375,8CG4270B1Q,LAPTOP1,002S17,,,002S,,0,0,0
280,HP,PROBOOK 450 G1,376,8CG42709ZY,LAPTOP1,002S16,,,002S,,0,0,0
281,HP,PROBOOK 450 G1,377,8CG420B41,LAPTOP1,002S22,,,002S,,0,0,0
282,HP,PROBOOK 450 G1,378,8CG4270B1V,LAPTOP1,002S21,,,002S,,0,0,0
283,HP,PROBOOK 450 G1,379,8CG42709VJ,LAPTOP1,002S23,,,002S,,0,0,0
284,HP,PROBOOK 450 G1,380,8CG42709WL,LAPTOP1,002S27,,,002S,,0,0,0
285,HP,PROBOOK 450 G1,381,8CG4270B1Y,LAPTOP1,002S26,,,002S,,0,0,0
286,HP,PROBOOK 450 G1,382,8CG42709Z5,LAPTOP1,002S30,,,002S,,0,0,0
287,HP,PROBOOK 450 G1,383,8CG4270B1R,LAPTOP1,002S28,,,002S,,0,0,0
288,HP,PROBOOK 450 G1,384,8CG4270B0K,LAPTOP1,002S29,,,002S,,0,0,0
289,HP,PROBOOK 450 G1,385,8CG4270B1C,LAPTOP1,002S25,,,002S,,0,0,0
290,HP,PROBOOK 450 G1,386,8CG42709W8,LAPTOP1,002S24,,,002S,,0,0,0
291,HP,PROBOOK 450 G1,387,8CG4270B0Q,LAPTOP1,008S03,,,008S,,0,0,0
292,HP,PROBOOK 650 G1,388,5CG5093DQQ,LAPTOP1,008S05,,,008S,,0,0,0
293,HP,PROBOOK 650 G1,389,5CG5093DS4,LAPTOP1,008S04,,,008S,,0,0,0
294,HP,PROBOOK 650 G1,390,5CG5093DQZ,LAPTOP1,008S07,,,008S,,0,0,0
295,HP,PROBOOK 650 G1,391,5CG5093DT3,LAPTOP1,008S09,,,008S,,0,0,0
296,HP,PROBOOK 650 G1,392,5CG5093DPZ,LAPTOP1,008S08,,,008S,,0,0,0
297,HP,PROBOOK 650 G1,393,5CG5093DQW,LAPTOP1,008S11,,,008S,,0,0,0
298,HP,PROBOOK 650 G1,394,5CG5093DPC,LAPTOP1,008S10,,,008S,,0,0,0
299,HP,PROBOOK 650 G1,395,5CG5093DQ1,LAPTOP1,008S13,,,008S,,0,0,0
300,HP,PROBOOK 650 G1,396,5CG5093DRN,LAPTOP1,008S12,,,008S,,0,0,0
301,HP,PROBOOK 650 G1,397,5CG5093DTW,LAPTOP1,008S15,,,008S,,0,0,0
302,HP,PROBOOK 650 G1,398,5CG5093DTF,LAPTOP1,008S14,,,008S,,0,0,0
303,HP,PROBOOK 650 G1,399,5CG5093F2S,LAPTOP1,008S17,,,008S,,0,0,0
304,HP,PROBOOK 650 G1,400,5CG5093F1Y,LAPTOP1,008S16,,,008S,,0,0,0
305,HP,PROBOOK 650 G1,401,5CG5093DQL,LAPTOP1,008S18,,,008S,,0,0,0
306,HP,PROBOOK 650 G1,402,5CG5093DS0,LAPTOP1,008S19,,,008S,,0,0,0
307,HP,PROBOOK 450 G1,403,8CG4270B26,LAPTOP1,008S25,,,008S,,0,0,0
308,HP,PROBOOK 450 G1,404,8CG4400ZMG,LAPTOP1,008S27,,,008S,,0,0,0
309,HP,PROBOOK 450 G1,405,8CG4300ZMH,LAPTOP1,008S26,,,008S,,0,0,0
310,HP,PROBOOK 650 G1,406,5CG5093DSD,LAPTOP1,008S23,,,008S,,0,0,0
311,HP,PROBOOK 650 G1,407,5CG5093DS3,LAPTOP1,008S22,,,008S,,0,0,0
312,HP,PROBOOK 650 G1,408,5CG5093DR9,LAPTOP1,008S21,,,008S,,0,0,0
313,HP,PROBOOK 650 G1,409,5CG5093DP3,LAPTOP1,008S20,,,008S,,0,0,0
314,HP,PROBOOK 450 G1,410,8CG4270BB4,LAPTOP1,008S28,,,008S,,0,0,0
315,HP,STREAM 11 PRO G3,412,5CD719279B,LAPTOP1,003S16,,,003S,,0,0,0
316,HP,PROBOOK 454,413,2CE3321D9T,LAPTOP1,134W50,,,134W,,0,0,0
317,HP,PROBOOK 454,414,2CE3370MJV,LAPTOP1,134W22,,,134W,,0,0,0
318,HP,STREAM 11 PRO G3,415,5CD719264M,LAPTOP1,004W27,,,004W,,0,0,0
319,HP,STREAM 11 PRO G3,416,5CD7192VY5,LAPTOP1,004W29,,,004W,,0,0,0
320,HP,STREAM 11 PRO G3,417,5CD719W7G2,LAPTOP1,004W30,,,004W,,0,0,0
321,HP,STREAM 11 PRO G3,418,5CD71827BV,LAPTOP1,004W28,,,004W,,0,0,0
322,HP,STREAM 11 PRO G3,419,5CD71927K3,LAPTOP1,004W26,,,004W,,0,0,0
323,HP,STREAM 11 PRO G3,420,5CD71927LD,LAPTOP1,004W14,,,004W,,0,0,0
324,HP,STREAM 11 PRO G3,421,5CD72027QB,LAPTOP1,004W12,,,004W,,0,0,0
325,HP,STREAM 11 PRO G3,422,5CD719W7CG,LAPTOP1,004W11,,,004W,,0,0,0
326,HP,STREAM 11 PRO G3,423,5CD71827PM,LAPTOP1,004W13,,,004W,,0,0,0
327,HP,STREAM 11 PRO G3,424,5CD719279M,LAPTOP1,004W15,,,004W,,0,0,0
328,HP,STREAM 11 PRO G3,425,5CD71827N6,LAPTOP1,004W01,,,004W,,0,0,0
329,HP,STREAM 11 PRO G3,426,5CD71927NC,LAPTOP1,004W05,,,004W,,0,0,0
330,HP,STREAM 11 PRO G3,427,5CD71927QS,LAPTOP1,004W04,,,004W,,0,0,0
331,HP,STREAM 11 PRO G3,428,5CD71927HD,LAPTOP1,004W03,,,004W,,0,0,0
332,HP,STREAM 11 PRO G3,429,5CD719275M,LAPTOP1,004W02,,,004W,,0,0,0
333,HP,STREAM 11 PRO G3,430,5CD71927N8,LAPTOP1,004W22,,,004W,,0,0,0
334,HP,STREAM 11 PRO G3,431,5CD71927L6,LAPTOP1,004W23,,,004W,,0,0,0
335,HP,STREAM 11 PRO G3,432,5CD71927LZ,LAPTOP1,004W25,,,004W,,0,0,0
336,HP,STREAM 11 PRO G3,433,5CD71927QY,LAPTOP1,004W24,,,004W,,0,0,0
337,HP,STREAM 11 PRO G3,434,5CD71927QM,LAPTOP1,004W21,,,004W,,0,0,0
338,HP,STREAM 11 PRO G3,435,5CD71927JM,LAPTOP1,004W06,,,004W,,0,0,0
339,HP,STREAM 11 PRO G3,436,5CD71927L7,LAPTOP1,004W08,,,004W,,0,0,0
340,HP,STREAM 11 PRO G3,437,5CD71927QV,LAPTOP1,004W10,,,004W,,0,0,0
341,HP,STREAM 11 PRO G3,438,5CD71927HV,LAPTOP1,004W07,,,004W,,0,0,0
342,HP,STREAM 11 PRO G3,439,5CD71927MT,LAPTOP1,004W09,,,004W,,0,0,0
343,HP,STREAM 11 PRO G3,440,5CD719279D,LAPTOP1,004W31,,,004W,,0,0,0
344,HP,STREAM 11 PRO G3,441,5CD71927MK,LAPTOP1,004W19,,,004W,,0,0,0
345,HP,STREAM 11 PRO G3,442,5CD719275G,LAPTOP1,004W22,,,004W,,0,0,0
346,HP,STREAM 11 PRO G3,443,5CD7192782,LAPTOP1,004W20,,,004W,,0,0,0
347,HP,STREAM 11 PRO G3,444,5CD729279N,LAPTOP1,004W16,,,004W,,0,0,0
348,HP,STREAM 11 PRO G3,445,5CD71927K6,LAPTOP1,004W17,,,004W,,0,0,0
349,HP,STREAM 11 PRO G4,446,5CD8093SBD,LAPTOP1,192W04,,,192W,,0,0,0
350,HP,STREAM 11 PRO G4,447,5CD8093R94,LAPTOP1,192W06,,,192W,,0,0,0
351,HP,STREAM 11 PRO G4,448,5CD8093RBH,LAPTOP1,192W05,,,192W,,0,0,0
352,HP,PROBOOK 450 G1,449,8CG42709X,LAPTOP1,002W29,,,002W,,0,0,0
353,HP,PROBOOK 450 G1,451,8CG4270B75,LAPTOP1,001W03,,,001W,,0,0,0
354,HP,PROBOOK 450 G1,452,8CG42709YM,LAPTOP1,002W30,,,002W,,1,0,0
355,HP,PROBOOK 450 G1,453,8CG4270B8M,LAPTOP1,001W30,,,001W,,0,0,0
356,HP,PROBOOK 450 G1,454,8CG4270BBT,LAPTOP1,THOLA,,,113W,,0,0,0
357,HP,PROBOOK 450 G1,455,8CG4270B89,LAPTOP1,001W29,,,001W,,0,0,0
358,HP,PROBOOK 450 G1,456,8CG4270B87,LAPTOP1,001W28,,,001W,,0,0,0
359,HP,PROBOOK 450 G1,457,8CG4270B86,LAPTOP1,001W26,,,001W,,0,0,0
360,HP,PROBOOK 450 G1,458,8CG4270B84,LAPTOP1,001W25,,,001W,,0,0,0
361,HP,PROBOOK 450 G1,459,8CG4270B2T,LAPTOP1,001W24,,,001W,,0,0,0
362,HP,PROBOOK 450 G1,460,8CG4270B61,LAPTOP1,001W23,,,001W,,0,0,0
363,HP,PROBOOK 450 G1,461,8CG4270B5Y,LAPTOP1,001W22,,,001W,,0,0,0
364,HP,PROBOOK 450 G1,462,8CG4270B4L,LAPTOP1,001W21,,,001W,,0,0,0
365,HP,PROBOOK 450 G1,463,8CG42709YD,LAPTOP1,001W20,,,001W,,0,0,0
366,HP,PROBOOK 450 G1,464,8CG4270B8S,LAPTOP1,001W19,,,001W,,0,0,0
367,HP,PROBOOK 450 G1,465,8CG4270B85,LAPTOP1,001W18,,,001W,,0,0,0
368,HP,PROBOOK 450 G1,466,8CG4270B5Z,LAPTOP1,001W17,,,001W,,0,0,0
369,HP,PROBOOK 450 G1,467,8CG4270B3B,LAPTOP1,001W16,,,001W,,0,0,0
370,HP,PROBOOK 450 G1,468,8CG4270B98,LAPTOP1,001W12,,,001W,,0,0,0
371,HP,PROBOOK 450 G1,469,8CG4270B62,LAPTOP1,001W13,,,001W,,0,0,0
372,HP,PROBOOK 450 G1,470,8CG4270B83,LAPTOP1,001W14,,,001W,,0,0,0
373,HP,PROBOOK 450 G1,471,8CG4370B9X,LAPTOP1,001W15,,,001W,,0,0,0
374,HP,STREAM 11 PRO G3,472,5CD7Q927QL,LAPTOP1,003W20,,,003W,,0,0,0
375,HP,STREAM 11 PRO G3,473,5CD71927LM,LAPTOP1,003W19,,,003W,,0,0,0
376,HP,STREAM 11 PRO G3,474,5CD71927CB,LAPTOP1,003W18,,,003W,,0,0,0
377,HP,STREAM 11 PRO G3,475,5CD71927NB,LAPTOP1,003W17,,,003W,,0,0,0
378,HP,STREAM 11 PRO G3,476,5CD7192784,LAPTOP1,003W16,,,003W,,0,0,0
379,HP,STREAM 11 PRO G3,477,5CD71927NW,LAPTOP1,003W15,,,003W,,0,0,0
380,HP,STREAM 11 PRO G3,478,5CD71927FJ,LAPTOP1,003W14,,,003W,,0,0,0
381,HP,STREAM 11 PRO G3,479,5CD71927MP,LAPTOP1,003W13,,,003W,,0,0,0
382,HP,STREAM 11 PRO G3,480,5CD71927H7,LAPTOP1,003W12,,,003W,,0,0,0
383,HP,STREAM 11 PRO G3,481,5CD71927HR,LAPTOP1,003W11,,,003W,,0,0,0
384,HP,STREAM 11 PRO G3,482,5CD71927PS,LAPTOP1,003W10,,,003W,,0,0,0
385,HP,STREAM 11 PRO G3,483,5CD71927B2,LAPTOP1,003W09,,,003W,,0,0,0
386,HP,STREAM 11 PRO G3,484,5CD719277D,LAPTOP1,003W08,,,003W,,0,0,0
387,HP,STREAM 11 PRO G3,485,5CD71927PY,LAPTOP1,003W07,,,003W,,0,0,0
388,HP,STREAM 11 PRO G3,486,5CD71927MD,LAPTOP1,003W06,,,003W,,0,0,0
389,HP,STREAM 11 PRO G3,487,5CD71927JW,LAPTOP1,003W05,,,003W,,0,0,0
390,HP,STREAM 11 PRO G3,488,5CD7192VXZ,LAPTOP1,003W04,,,003W,,0,0,0
391,HP,STREAM 11 PRO G3,489,5CD71927H5,LAPTOP1,003W03,,,003W,,0,0,0
392,HP,STREAM 11 PRO G3,490,5CD71927P7,LAPTOP1,003W02,,,003W,,0,0,0
393,HP,STREAM 11 PRO G3,491,5CD71927LY,LAPTOP1,003W01,,,003W,,0,0,0
394,HP,PROBOOK 450 G1,492,8CG42709WZ,LAPTOP1,001W09,,,001W,,0,0,0
395,HP,PROBOOK 450 G1,493,8CG4270B6M,LAPTOP1,001W05,,,001W,,0,0,0
396,HP,PROBOOK 450 G1,494,8CG42709WY,LAPTOP1,001W01,,,001W,,0,0,0
397,HP,PROBOOK 450 G1,495,8CG4270B8C,LAPTOP1,001W10,,,001W,,0,0,0
398,HP,PROBOOK 450 G1,496,8CG4270B69,LAPTOP1,001W11,,,001W,,0,0,0
399,HP,PROBOOK 450 G1,497,8CG4270B4P,LAPTOP1,001W07,,,001W,,0,0,0
400,HP,PROBOOK 450 G1,498,8CG4270B8K,LAPTOP1,001W08,,,001W,,0,0,0
401,HP,PROBOOK 450 G1,499,8CG4270B54,LAPTOP1,001W02,,,001W,,0,0,0
402,HP,PROBOOK 450 G1,500,8CG4270B71,LAPTOP1,001W04,,,001W,,0,0,0
403,HP,STREAM 11 PRO G3,501,5CD71927MI,LAPTOP1,003W30,,,003W,,0,0,0
404,HP,STREAM 11 PRO G3,502,5CD719E7QG,LAPTOP1,003W29,,,003W,,0,0,0
405,HP,STREAM 11 PRO G3,503,5CD71927PK,LAPTOP1,003W28,,,003W,,0,0,0
406,HP,STREAM 11 PRO G3,504,5CD7192788,LAPTOP1,003W27,,,003W,,0,0,0
407,HP,STREAM 11 PRO G3,505,5CD71927K0,LAPTOP1,003W26,,,003W,,0,0,0
408,HP,STREAM 11 PRO G3,506,5CD71927P6,LAPTOP1,003W25,,,003W,,0,0,0
409,HP,STREAM 11 PRO G3,507,5CD71927M9,LAPTOP1,003W24,,,003W,,0,0,0
410,HP,STREAM 11 PRO G3,508,5CD71927JG,LAPTOP1,003W23,,,003W,,0,0,0
411,HP,STREAM 11 PRO G3,509,5CD71927K2,LAPTOP1,003W21,,,003W,,0,0,0
412,HP,PROBOOK 450 G1,510,8CG42708OC,LAPTOP1,002W04,,,002W,,0,0,0
413,HP,PROBOOK 450 G1,511,8CG4270B02,LAPTOP1,002W04,,,002W,,0,0,0
414,HP,PROBOOK 450 G1,512,8CG4270B0H,LAPTOP1,002W02,,,002W,,0,0,0
415,HP,PROBOOK 450 G1,513,8CG42709XZ,LAPTOP1,002W07,,,002W,,0,0,0
416,HP,PROBOOK 450 G1,514,8CG4270BBN,LAPTOP1,002W06,,,002W,,0,0,0
417,HP,PROBOOK 450 G1,515,8CG42709ZV,LAPTOP1,002W05,,,002W,,0,0,0
418,HP,PROBOOK 450 G1,516,8CG4270B0S,LAPTOP1,002W10,,,002W,,0,0,0
419,HP,PROBOOK 450 G1,517,8CG42709YZ,LAPTOP1,002W09,,,002W,,0,0,0
420,HP,PROBOOK 450 G1,518,8CG4270B01,LAPTOP1,002W08,,,002W,,0,0,0
421,HP,PROBOOK 450 G1,519,8CG42709VK,LAPTOP1,002W13,,,002W,,0,0,0
422,HP,PROBOOK 450 G1,520,8CG42709XL,LAPTOP1,002W20,,,002W,,0,0,0
423,HP,PROBOOK 450 G1,521,8CG42709Y1,LAPTOP1,002W11,,,002W,,0,0,0
424,HP,PROBOOK 450 G1,522,8CG4270B22,LAPTOP1,002W22,,,002W,,0,0,0
425,HP,PROBOOK 450 G1,523,8CG42709WV,LAPTOP1,002W19,,,002W,,0,0,0
426,HP,PROBOOK 450 G1,524,8CG4170B3X,LAPTOP1,002W16,,,002W,,0,0,0
427,HP,PROBOOK 450 G1,525,8CG4270B2Y,LAPTOP1,002W20,,,002W,,0,0,0
428,HP,PROBOOK 450 G1,526,8CG4270B0F,LAPTOP1,002W21,,,002W,,0,0,0
429,HP,PROBOOK 450 G1,527,8CG42709ZC,LAPTOP1,002W18,,,002W,,0,0,0
430,HP,PROBOOK 450 G1,528,8CG42709YC,LAPTOP1,002W23,,,002W,,0,0,0
431,HP,PROBOOK 450 G1,529,8CG42519PG,LAPTOP1,002W27,,,002W,,0,0,0
432,HP,PROBOOK 450 G1,530,8CG4270B0Z,LAPTOP1,002W26,,,002W,,0,0,0
433,HP,PROBOOK 450 G1,531,8CG42519Q8,LAPTOP1,002W25,,,002W,,0,0,0
434,HP,PROBOOK 450 G1,532,8CG42709XT,LAPTOP1,002W28,,,002W,,0,0,0
435,HP,PROBOOK 450 G1,533,8CG4270B8L,LAPTOP1,002W24,,,002W,,0,0,0
436,HP,PROBOOK 450 G1,534,8CG42709ZJ,LAPTOP1,002W15,,,002W,,0,0,0
437,HP,PROBOOK 450 G1,535,8CG4270B3P,LAPTOP1,002W14,,,002W,,0,0,0
438,HP,PROBOOK 450 G1,536,8CG42709ZF,LAPTOP1,002W17,,,002W,,0,0,0
439,HP,PROBOOK 450 G1,537,8CG4270B73,LAPTOP1,002M19,,,002M,,0,0,0
440,HP,PROBOOK 450 G1,538,8CG4270B56,LAPTOP1,002M20,,,002M,,0,0,0
441,HP,PROBOOK 450 G1,539,8CG4270B92,LAPTOP1,002M16,,,002M,,0,0,0
442,HP,PROBOOK 450 G1,540,8CG42519NX,LAPTOP1,002M15,,,002M,,0,0,0
443,HP,PROBOOK 450 G1,541,8CG4270BBH,LAPTOP1,002M12,,,002M,,0,0,0
444,HP,PROBOOK 450 G1,542,8CG4270B7H,LAPTOP1,002M11,,,002M,,0,0,0
445,HP,PROBOOK 450 G1,543,8CG42519P5,LAPTOP1,002M08,,,002M,,0,0,0
446,HP,PROBOOK 450 G1,544,8CG42519PV,LAPTOP1,002M07,,,002M,,0,0,0
447,HP,PROBOOK 450 G1,545,8CG4270B1B,LAPTOP1,002M04,,,002M,,0,0,0
448,HP,PROBOOK 450 G1,546,8CG42519NW,LAPTOP1,002M03,,,002M,,0,0,0
449,HP,PROBOOK 450 G1,547,8CG4270B74,LAPTOP1,002M02,,,002M,,0,0,0
450,HP,PROBOOK 450 G1,548,8CG4270B6J,LAPTOP1,002M01,,,002M,,0,0,0
451,HP,PROBOOK 450 G1,549,8CG4270B35,LAPTOP1,002M06,,,002M,,0,0,0
452,HP,PROBOOK 450 G1,550,8CG4519PO,LAPTOP1,002M05,,,002M,,0,0,0
453,HP,PROBOOK 450 G1,551,8CG4370B3M,LAPTOP1,002M10,,,002M,,0,0,0
454,HP,PROBOOK 450 G1,552,8CG4270B2B,LAPTOP1,002M09,,,002M,,0,0,0
455,HP,PROBOOK 450 G1,553,8CG4270B5P,LAPTOP1,002M14,,,002M,,0,0,0
456,HP,PROBOOK 450 G1,554,8CG4270B5Q,LAPTOP1,002M13,,,002M,,0,0,0
457,HP,PROBOOK 450 G1,555,8CG4270B82,LAPTOP1,002M18,,,002M,,0,0,0
458,HP,PROBOOK 450 G1,556,8CG4270B70,LAPTOP1,002M17,,,002M,,0,0,0
459,HP,PROBOOK 450 G1,557,8CG4270BB7,LAPTOP1,004M01,,,004M,,0,0,0
460,HP,PROBOOK 450 G1,558,8CG4270B4G,LAPTOP1,004M02,,,004M,,0,0,0
461,HP,PROBOOK 450 G1,559,8CG4270B28,LAPTOP1,004M05,,,004M,,0,0,0
462,HP,PROBOOK 450 G1,560,8CG4270B6K,LAPTOP1,004M06,,,004M,,0,0,0
463,HP,PROBOOK 450 G1,561,8CG4270B53,LAPTOP1,004M09,,,004M,,0,0,0
464,HP,PROBOOK 450 G1,562,8CG42709WX,LAPTOP1,004M10,,,004M,,0,0,0
465,HP,PROBOOK 450 G1,563,8CG4270B7K,LAPTOP1,004M13,,,004M,,0,0,0
466,HP,PROBOOK 450 G1,564,8CG4270B1P,LAPTOP1,004M14,,,004M,,0,0,0
467,HP,PROBOOK 450 G1,565,8CG4270B6V,LAPTOP1,004M17,,,004M,,0,0,0
468,HP,PROBOOK 450 G1,566,8CG42709WH,LAPTOP1,004M18,,,004M,,0,0,0
469,HP,PROBOOK 450 G1,567,8CG4270B7P,LAPTOP1,004M19,,,004M,,0,0,0
470,HP,PROBOOK 450 G1,568,8CG42709XC,LAPTOP1,004M20,,,004M,,0,0,0
471,HP,PROBOOK 450 G1,569,8CG4370B5J,LAPTOP1,004M15,,,004M,,0,0,0
472,HP,PROBOOK 450 G1,570,8CG4270B3D,LAPTOP1,004M16,,,004M,,0,0,0
473,HP,PROBOOK 450 G1,571,8CG4270B4B,LAPTOP1,004M11,,,004M,,0,0,0
474,HP,PROBOOK 450 G1,572,8CG42709XS,LAPTOP1,004M12,,,004M,,0,0,0
475,HP,PROBOOK 450 G1,573,8CG4270B1X,LAPTOP1,004M07,,,004M,,0,0,0
476,HP,PROBOOK 450 G1,574,8CG4270B9K,LAPTOP1,004M08,,,004M,,0,0,0
477,HP,PROBOOK 450 G1,575,8CG42709Y3,LAPTOP1,004M03,,,004M,,0,0,0
478,HP,PROBOOK 450 G1,576,8CG4270B19,LAPTOP1,004M04,,,004M,,0,0,0
479,HP,PROBOOK 450 G1,577,8CG4270B52,LAPTOP1,004M21,,,004M,,0,0,0
480,HP,PROBOOK 450 G1,578,8CG4270B79,LAPTOP1,004M22,,,004M,,0,0,0
481,HP,PROBOOK 450 G1,579,8CG4270BRR,LAPTOP1,004M25,,,004M,,0,0,0
482,HP,PROBOOK 450 G1,580,8CG4270B9Z,LAPTOP1,004M26,,,004M,,0,0,0
483,HP,PROBOOK 450 G1,581,8CG4270B5L,LAPTOP1,004M29,,,004M,,0,0,0
484,HP,PROBOOK 450 G1,582,8CG4270B7V,LAPTOP1,004M30,,,004M,,0,0,0
485,HP,PROBOOK 450 G1,583,8CG42709VS,LAPTOP1,002M27,,,002M,,0,0,0
486,HP,PROBOOK 450 G1,584,8CG4270B6Y,LAPTOP1,002M28,,,002M,,0,0,0
487,HP,PROBOOK 450 G1,585,8CG4270B48,LAPTOP1,002M23,,,002M,,0,0,0
488,HP,PROBOOK 450 G1,586,8CG4270BBK,LAPTOP1,002M21,,,002M,,0,0,0
489,HP,PROBOOK 450 G1,587,8CG42529PL,LAPTOP1,002M22,,,002M,,0,0,0
490,HP,PROBOOK 450 G1,588,8CG4270B7L,LAPTOP1,002M25,,,002M,,0,0,0
491,HP,PROBOOK 450 G1,589,8CG4270B7Y,LAPTOP1,002M26,,,002M,,0,0,0
492,HP,PROBOOK 450 G1,590,8CG4270B8N,LAPTOP1,002M29,,,002M,,0,0,0
493,HP,PROBOOK 450 G1,591,8CG4270B8B,LAPTOP1,002M30,,,002M,,0,0,0
494,HP,PROBOOK 450 G1,592,8CG4260B7X,LAPTOP1,004M28,,,004M,,0,0,0
495,HP,PROBOOK 450 G1,593,8CG4270B88,LAPTOP1,004M24,,,004M,,0,0,0
496,HP,PROBOOK 450 G1,594,8CG4270B43,LAPTOP1,004M27,,,004M,,0,0,0
497,HP,PROBOOK 450 G1,595,8CG4270B59,LAPTOP1,004M23,,,004M,,0,0,0
498,HP,PROBOOK 450 G1,596,8CG4270B7N,LAPTOP1,004M24,,,004M,,0,0,0
499,HP,PROBOOK 450 G1,597,8CG4270B9N,LAPTOP1,001M25,,,001M,,0,0,0
500,HP,PROBOOK 450 G1,598,8CG4270B6Z,LAPTOP1,001M26,,,001M,,0,0,0
501,HP,PROBOOK 450 G1,599,8CG4270B93,LAPTOP1,001M27,,,001M,,0,0,0
502,HP,PROBOOK 450 G1,600,8CG4270B5N,LAPTOP1,001M28,,,001M,,0,0,0
503,HP,PROBOOK 450 G1,601,8CG42519PJ,LAPTOP1,001M29,,,001M,,0,0,0
504,HP,PROBOOK 450 G1,602,8CG42519NZ,LAPTOP1,001M30,,,001M,,0,0,0
505,HP,PROBOOK 450 G1,603,8CG4270BBV,LAPTOP1,001M18,,,001M,,0,0,0
506,HP,PROBOOK 450 G1,604,8CG42709WB,LAPTOP1,001M20,,,001M,,0,0,0
507,HP,PROBOOK 450 G1,605,8CG4270B8G,LAPTOP1,001M23,,,001M,,0,0,0
508,HP,PROBOOK 450 G1,606,8CG4270B77,LAPTOP1,001M24,,,001M,,0,0,0
509,HP,PROBOOK 450 G1,607,8CG42519P2,LAPTOP1,001M21,,,001M,,0,0,0
510,HP,PROBOOK 450 G1,608,8CG4270B2Q,LAPTOP1,001M22,,,001M,,0,0,0
511,HP,PROBOOK 450 G1,609,8CG4270B44,LAPTOP1,001M15,,,001M,,0,0,0
512,HP,PROBOOK 450 G1,610,8CG42519NP,LAPTOP1,001M16,,,001M,,0,0,0
513,HP,PROBOOK 450 G1,611,8CG4270BBY,LAPTOP1,001M17,,,001M,,0,0,0
514,HP,PROBOOK 450 G1,612,8CG4370BC0,LAPTOP1,001M19,,,001M,,0,0,0
515,HP,PROBOOK 450 G1,613,8CG4270B95,LAPTOP1,001M01,,,001M,,0,0,0
516,HP,PROBOOK 450 G1,614,8CG4270B99,LAPTOP1,001M02,,,001M,,0,0,0
517,HP,PROBOOK 450 G1,615,8CG42709W6,LAPTOP1,001M03,,,001M,,0,0,0
518,HP,PROBOOK 450 G1,616,8CG42519P7,LAPTOP1,001M04,,,001M,,0,0,0
519,HP,PROBOOK 450 G1,617,8CG4260B0N,LAPTOP1,001M05,,,001M,,0,0,0
520,HP,PROBOOK 450 G1,618,8CG42519NV,LAPTOP1,001M06,,,001M,,0,0,0
521,HP,PROBOOK 450 G1,619,8CG42519P6,LAPTOP1,001M07,,,001M,,0,0,0
522,HP,PROBOOK 450 G1,620,8CG4270B4Y,LAPTOP1,001M08,,,001M,,0,0,0
523,HP,PROBOOK 450 G1,621,8CG42519P3,LAPTOP1,001M09,,,001M,,0,0,0
524,HP,PROBOOK 450 G1,622,8CG42709WS,LAPTOP1,001M10,,,001M,,0,0,0
525,HP,PROBOOK 450 G1,623,8CG42709Z0,LAPTOP1,001M11,,,001M,,0,0,0
526,HP,PROBOOK 450 G1,624,8CG42519PN,LAPTOP1,001M12,,,001M,,0,0,0
527,HP,PROBOOK 450 G1,625,8CG42519PH,LAPTOP1,001M13,,,001M,,0,0,0
528,HP,PROBOOK 450 G1,626,8CG42519PX,LAPTOP1,001M14,,,001M,,0,0,0
529,HP,PROBOOK 450 G1,627,8CG4270B7D,LAPTOP1,011M08,,,011M,,0,0,0
530,HP,PROBOOK 450 G1,628,8CG42709X7,LAPTOP1,011M07,,,011M,,0,0,0
531,HP,PROBOOK 450 G1,629,8CG4270B6N,LAPTOP1,011M06,,,011M,,0,0,0
532,HP,PROBOOK 450 G1,630,8CG4270B30,LAPTOP1,011M05,,,011M,,0,0,0
533,HP,PROBOOK 450 G1,631,8CG4270B08,LAPTOP1,011M21,,,011M,,0,0,0
534,HP,PROBOOK 450 G1,632,8CG4270B57,LAPTOP1,011M22,,,011M,,0,0,0
535,HP,PROBOOK 450 G1,633,8CG4270B3L,LAPTOP1,011M23,,,011M,,0,0,0
536,HP,PROBOOK 450 G1,634,8CG4270B6P,LAPTOP1,011M24,,,011M,,0,0,0
537,HP,PROBOOK 450 G1,635,8CG42709Y7,LAPTOP1,011M17,,,011M,,0,0,0
538,HP,PROBOOK 450 G1,636,8CG42709VG,LAPTOP1,011M18,,,011M,,0,0,0
539,HP,PROBOOK 450 G1,637,8CG4270B45,LAPTOP1,011M19,,,011M,,0,0,0
540,HP,PROBOOK 450 G1,638,8CG42709WD,LAPTOP1,011M20,,,011M,,0,0,0
541,HP,PROBOOK 450 G1,639,8CG42709W7,LAPTOP1,011M26,,,011M,,0,0,0
542,HP,PROBOOK 450 G1,640,8CG4270BB0,LAPTOP1,011M12,,,011M,,0,0,0
543,HP,PROBOOK 450 G1,641,8CG4270B3Y,LAPTOP1,011M09,,,011M,,0,0,0
544,HP,PROBOOK 450 G1,642,8CG4270B5G,LAPTOP1,011M10,,,011M,,0,0,0
545,HP,PROBOOK 450 G1,643,8CG42709Z6,LAPTOP1,011M27,,,011M,,0,0,0
546,HP,PROBOOK 450 G1,644,8CG42709X1,LAPTOP1,011M28,,,011M,,0,0,0
547,HP,PROBOOK 450 G1,645,8CG4260B34,LAPTOP1,011M25,,,011M,,0,0,0
548,HP,PROBOOK 450 G1,646,8CG4270B3V,LAPTOP1,011M06,,,011M,,0,0,0
549,HP,PROBOOK 450 G1,647,8CG42709WN,LAPTOP1,011M14,,,011M,,0,0,0
550,HP,PROBOOK 450 G1,648,8CG4270B2Z,LAPTOP1,011M15,,,011M,,0,0,0
551,HP,PROBOOK 450 G1,649,8CG42709XM,LAPTOP1,011M16,,,011M,,0,0,0
552,HP,PROBOOK 450 G1,650,8CG42709V3,LAPTOP1,011M13,,,011M,,0,0,0
553,HP,PROBOOK 450 G1,651,8CG4270B94,LAPTOP1,011M29,,,011M,,0,0,0
554,HP,PROBOOK 450 G1,652,8CG42709V8,LAPTOP1,011M30,,,011M,,0,0,0
555,HP,PROBOOK 450 G1,653,8CG4270BBZ,LAPTOP1,011M04,,,011M,,0,0,0
556,HP,PROBOOK 450 G1,654,8CG4270B6G,LAPTOP1,011M03,,,011M,,0,0,0
557,HP,PROBOOK 450 G1,655,8CG4270B8Q,LAPTOP1,011M02,,,011M,,0,0,0
558,HP,PROBOOK 450 G1,656,8CG4270B4X,LAPTOP1,011M01,,,011M,,0,0,0
559,HP,PROBOOK 450 G1,657,8CG42709W3,LAPTOP1,010M05,,,010M,,0,0,0
560,HP,PROBOOK 450 G1,658,8CG4270BB6,LAPTOP1,010M06,,,010M,,0,0,0
561,HP,PROBOOK 450 G1,659,8CG42709YN,LAPTOP1,010M08,,,010M,,0,0,0
562,HP,PROBOOK 450 G1,660,8CG4270B7W,LAPTOP1,010M07,,,010M,,0,0,0
563,HP,PROBOOK 450 G1,661,8CG42519Q5,LAPTOP1,010M12,,,010M,,0,0,0
564,HP,PROBOOK 450 G1,662,8CG4270B0V,LAPTOP1,010M13,,,010M,,0,0,0
565,HP,PROBOOK 450 G1,663,8CG4270B60,LAPTOP1,010M10,,,010M,,0,0,0
566,HP,PROBOOK 450 G1,664,8CG4270B65,LAPTOP1,010M11,,,010M,,0,0,0
567,HP,PROBOOK 450 G1,665,8CG42709XJ,LAPTOP1,010M14,,,010M,,0,0,0
568,HP,PROBOOK 450 G1,666,8CG42709XG,LAPTOP1,010M15,,,010M,,0,0,0
569,HP,PROBOOK 450 G1,667,8CG4270B33,LAPTOP1,010M17,,,010M,,0,0,0
570,HP,PROBOOK 450 G1,668,8CG4270B3S,LAPTOP1,010M15,,,010M,,0,0,0
571,HP,PROBOOK 450 G1,669,8XG42709WF,LAPTOP1,010M18,,,010M,,0,0,0
572,HP,PROBOOK 450 G1,670,8CG4270B6W,LAPTOP1,010M19,,,010M,,0,0,0
573,HP,PROBOOK 450 G1,671,8CG4270B7T,LAPTOP1,010M20,,,010M,,0,0,0
574,HP,PROBOOK 450 G1,672,8CG4270B7S,LAPTOP1,010M21,,,010M,,0,0,0
575,HP,PROBOOK 450 G1,673,8CG4270B7B,LAPTOP1,010M22,,,010M,,0,0,0
576,HP,PROBOOK 450 G1,674,8CG4260B6H,LAPTOP1,010M23,,,010M,,0,0,0
577,HP,PROBOOK 450 G1,675,8CG4370B5D,LAPTOP1,010M24,,,010M,,0,0,0
578,HP,PROBOOK 450 G1,676,8CG42709ZK,LAPTOP1,010M25,,,010M,,0,0,0
579,HP,PROBOOK 450 G1,677,8CG42709XB,LAPTOP1,010M27,,,010M,,0,0,0
580,HP,PROBOOK 450 G1,678,8CG4270BBX,LAPTOP1,010M26,,,010M,,0,0,0
581,HP,PROBOOK 450 G1,679,8CG4270B9D,LAPTOP1,010M29,,,010M,,0,0,0
582,HP,PROBOOK 450 G1,680,8CG42709VY,LAPTOP1,010M28,,,010M,,0,0,0
583,HP,PROBOOK 450 G1,681,8CG43709ZQ,LAPTOP1,010M20,,,010M,,0,0,0
584,HP,PROBOOK 450 G1,682,8CG4270B5R,LAPTOP1,010M03,,,010M,,0,0,0
585,HP,PROBOOK 450 G1,683,8CG4370B07,LAPTOP1,010M04,,,010M,,0,0,0
586,HP,PROBOOK 450 G1,684,8CG4270B23,LAPTOP1,010M02,,,010M,,0,0,0
587,HP,PROBOOK 450 G1,685,8CG4260B32,LAPTOP1,010M01,,,010M,,0,0,0
588,HP,STREAM 11 PRO G4,686,5CD80393SJC,LAPTOP1,852M01,,,852M,,0,0,0
589,HP,STREAM 11 PRO G4,687,5CD80937VY,LAPTOP1,852M02,,,852M,,0,0,0
590,HP,STREAM 11 PRO G4,688,5CD80937D2,LAPTOP1,852M03,,,852M,,0,0,0
591,HP,STREAM 11 PRO G4,689,5CD80938GB,LAPTOP1,852M04,,,852M,,0,0,0
592,HP,STREAM 11 PRO G2,690,5CD6285FMR,LAPTOP1,125M25,,,125M,,0,0,0
593,HP,STREAM 11 PRO G2,691,5CD6285FP4,LAPTOP1,125M21,,,125M,,0,0,0
594,HP,STREAM 11 PRO G2,692,5CD6285FPL,LAPTOP1,125M20,,,125M,,0,0,0
595,HP,STREAM 11 PRO G2,693000,5CD6285FPN,LAPTOP1,125M24,,,125M,,0,0,0
596,HP,STREAM 11 PRO G4,693,5CD803R93,LAPTOP1,143M02,,,143M,,0,0,0
597,HP,STREAM 11 PRO G4,694,5CD823CH8F,LAPTOP1,143M05,,,143M,,0,0,0
598,HP,STREAM 11 PRO G2,695,5CD6285FQ0,LAPTOP1,125M22,,,125M,,0,0,0
599,HP,STREAM 11 PRO G4,697,5CD8093SG5,LAPTOP1,143M03,,,143M,,0,0,0
600,HP,STREAM 11 PRO G4,698,5CD823CJCF,LAPTOP1,143M01,,,143M,,0,0,0
601,HP,STREAM 11 PRO G2,699,5CD6313TVM,LAPTOP1,148M33,,,148M,,0,0,0
602,HP,STREAM 11 PRO G2,700,5CD6313TZM,LAPTOP1,148M31,,,148M,,0,0,0
603,HP,STREAM 11 PRO G4,701,5CD823CJCJ,LAPTOP1,134M01,,,134M,,0,0,0
604,HP,STREAM 11 PRO G4,702,5CD823CH9Z,LAPTOP1,134M04,,,134M,,0,0,0
605,HP,STREAM 11 PRO G2,703,5CD6313V17,LAPTOP1,148M30,,,148M,,0,0,0
606,HP,STREAM 11 PRO G2,704,5CD6313V1R,LAPTOP1,148M32,,,148M,,0,0,0
607,HP,STREAM 11 PRO G2,705,5CD6285FP9,LAPTOP1,123M15,,,123M,,0,0,0
608,HP,STREAM 11 PRO G2,706,5CD6285FNY,LAPTOP1,123M14,,,123M,,0,0,0
609,HP,STREAM 11 PRO G4,707,5CD823CJG1,LAPTOP1,134M03,,,134M,,0,0,0
610,HP,STREAM 11 PRO G4,708,5CD823CJGZ,LAPTOP1,134M02,,,134M,,0,0,0
611,HP,STREAM 11 PRO G2,709,5CD6285FND,LAPTOP1,123M13,,,123M,,0,0,0
612,HP,STREAM 11 PRO G2,710,5CD6285FP5,LAPTOP1,123M10,,,123M,,0,0,0
613,HP,STREAM 11 PRO G2,711,5CD6285FQQ,LAPTOP1,123M12,,,123M,,0,0,0
614,HP,STREAM 11 PRO G2,712,5CD6285FY1,LAPTOP1,123M12,,,123M,,0,0,0
615,LENOVO,N22,713,YD00KPX8,LAPTOP2,149M03,,,149M,,0,0,0
616,LENOVO,N22,714,YD00KQ8D,LAPTOP2,149M01,,,149M,,0,0,0
617,LENOVO,N22,715,YD00KPVN,LAPTOP2,149M02,,,149M,,0,0,0
618,HP,STREAM 11 PRO G4,716,5CD823CJGY,LAPTOP1,143M04,,,143M,,0,0,0
619,LENOVO,N22,717,YD00KPVJ,LAPTOP2,130M05,,,130M,,0,0,0
620,LENOVO,N22,718,YD00KPAP,LAPTOP2,130M01,,,130M,,0,0,0
621,HP,PROBOOK 650 G1,719,5CG4503L1W,LAPTOP1,WILCOX,,,104M,,0,0,0
622,LENOVO,N22,720,YD00KQ8Y,LAPTOP2,148M04,,,148M,,0,0,0
623,HP,STREAM 11 PRO G2,721,5CS62753DJ,LAPTOP1,132M06,,,132M,,0,0,0
624,LENOVO,N22,722,YD00KQDU,LAPTOP2,130M03,,,130M,,0,0,0
625,LENOVO,N22,723,YD00KQ4H,LAPTOP2,130M02,,,130M,,0,0,0
626,LENOVO,N22,724,YD00KPUS,LAPTOP2,130M04,,,130M,,0,0,0
627,HP,PROBOOK 650 G1,725,5CG4503L5Y,LAPTOP1,DOHM,,,103M,,0,0,0
628,HP,STREAM 11 PRO G4,726,5CD8250N2Z,LAPTOP1,,,,130M,,0,0,0
629,LENOVO,UNKNOWN,727,PF-0AMZH,LAPTOP2,,,,130M,,0,0,0
630,HP,PROBOOK 450 G1,728,8CG4270BBL,LAPTOP1,014H26,,,014H,,0,0,0
631,HP,PROBOOK 450 G1,729,8CG4270B1M,LAPTOP1,014H30,,,014H,,0,0,0
632,HP,PROBOOK 450 G1,730,8CG4270B9S,LAPTOP1,014H29,,,014H,,0,0,0
633,HP,PROBOOK 450 G1,731,8CG4270B9Q,LAPTOP1,014H25,,,014H,,0,0,0
634,HP,PROBOOK 450 G1,732,8CG4270B1N,LAPTOP1,014H28,,,014H,,0,0,0
635,HP,PROBOOK 450 G1,733,8CG4270B1Z,LAPTOP1,014H27,,,014H,,0,0,0
636,HP,PROBOOK 450 G1,734,8CG4260B8X,LAPTOP1,014H22,,,014H,,0,0,0
637,HP,PROBOOK 450 G1,735,8CG4260B9R,LAPTOP1,014H21,,,014H,,0,0,0
638,HP,PROBOOK 450 G1,736,8CG4270B9G,LAPTOP1,014H24,,,014H,,0,0,0
639,HP,PROBOOK 450 G1,737,8CG4270B1W,LAPTOP1,014H19,,,014H,,0,0,0
640,HP,PROBOOK 450 G1,738,8CG4270B1T,LAPTOP1,014H20,,,014H,,0,0,0
641,HP,PROBOOK 450 G1,739,8CG4270B72,LAPTOP1,014H11,,,014H,,0,0,0
642,HP,PROBOOK 450 G1,740,8CG420B6D,LAPTOP1,014H15,,,014H,,0,0,0
643,HP,PROBOOK 450 G1,741,8CG42709Y9,LAPTOP1,014H01,,,014H,,0,0,0
644,HP,PROBOOK 450 G1,742,8CG4270BBJ,LAPTOP1,014H02,,,014H,,0,0,0
645,HP,PROBOOK 450 G1,743,8CG4260B16,LAPTOP1,014H14,,,014H,,0,0,0
646,HP,PROBOOK 450 G1,744,8CG4270B2W,LAPTOP1,014H16,,,014H,,0,0,0
647,HP,PROBOOK 450 G1,745,8CG42709WT,LAPTOP1,014H17,,,014H,,0,0,0
648,HP,PROBOOK 450 G1,746,8CG42709YB,LAPTOP1,014H12,,,014H,,0,0,0
649,HP,PROBOOK 450 G1,747,8CG4270B6C,LAPTOP1,014H13,,,014H,,0,0,0
650,HP,PROBOOK 450 G1,748,8CG4270B4N,LAPTOP1,014H18,,,014H,,0,0,0
651,HP,PROBOOK 450 G1,749,8CG4270BBC,LAPTOP1,014H08,,,014H,,0,0,0
652,HP,PROBOOK 450 G1,750,8CG4270B9P,LAPTOP1,014H10,,,014H,,0,0,0
653,HP,PROBOOK 450 G1,751,8CG42709YT,LAPTOP1,014H04,,,014H,,0,0,0
654,HP,PROBOOK 450 G1,752,8CG4270B2R,LAPTOP1,014H06,,,014H,,0,0,0
655,HP,PROBOOK 450 G1,753,8CG42709YW,LAPTOP1,014H23,,,014H,,0,0,0
656,HP,PROBOOK 450 G1,754,8CG4270B97,LAPTOP1,014H07,,,014H,,0,0,0
657,HP,PROBOOK 450 G1,755,8CG42709VN,LAPTOP1,014H03,,,014H,,0,0,0
658,HP,PROBOOK 450 G1,756,8CG4270B9M,LAPTOP1,014H09,,,014H,,0,0,0
659,HP,PROBOOK 450 G1,757,8CG4270B81,LAPTOP1,014H05,,,014H,,0,0,0
660,HP,PROBOOK 450 G1,758,8CG42709WK,LAPTOP1,005H08,,,005H,,0,0,0
661,HP,PROBOOK 450 G1,759,8CG4270BB8,LAPTOP1,005H15,,,005H,,0,0,0
662,HP,PROBOOK 450 G1,760,8CG4270BBM,LAPTOP1,005H13,,,005H,,0,0,0
663,HP,PROBOOK 450 G1,761,8CG4270B05,LAPTOP1,005H04,,,005H,,0,0,0
664,HP,PROBOOK 450 G1,762,8CG4270B76,LAPTOP1,005H20,,,005H,,0,0,0
665,HP,PROBOOK 450 G1,764,8CG4270B5M,LAPTOP1,005H07,,,005H,,0,0,0
666,HP,PROBOOK 450 G1,765,8CG4270B8F,LAPTOP1,005H10,,,005H,,0,0,0
667,HP,PROBOOK 450 G1,766,8CG4270B15,LAPTOP1,005H11,,,005H,,0,0,0
668,HP,PROBOOK 450 G1,767,8CG4270B5H,LAPTOP1,005H27,,,005H,,0,0,0
669,HP,PROBOOK 450 G1,768,8CG42709XY,LAPTOP1,005H12,,,005H,,0,0,0
670,HP,PROBOOK 450 G1,769,8CG42709YX,LAPTOP1,005H13,,,005H,,0,0,0
671,HP,PROBOOK 450 G1,770,8CG42709V9,LAPTOP1,005H26,,,005H,,0,0,0
672,HP,PROBOOK 450 G1,771,8CG42709Y5,LAPTOP1,005H06,,,005H,,0,0,0
673,HP,PROBOOK 450 G1,772,8CG4270B00,LAPTOP1,005H14,,,005H,,0,0,0
674,HP,PROBOOK 450 G1,773,8CG4270B4V,LAPTOP1,005H30,,,005H,,0,0,0
675,HP,PROBOOK 450 G1,774,8CG4270B10,LAPTOP1,005H09,,,005H,,0,0,0
676,HP,PROBOOK 450 G1,775,8CG4270B9L,LAPTOP1,005H05,,,005H,,0,0,0
677,HP,PROBOOK 450 G1,776,8CG42709WS,LAPTOP1,005H29,,,005H,,0,0,0
678,HP,PROBOOK 450 G1,777,8CG4270B5B,LAPTOP1,005H28,,,005H,,0,0,0
679,HP,PROBOOK 450 G1,778,8CG4270B9,LAPTOP1,005H25,,,005H,,0,0,0
680,HP,PROBOOK 450 G1,779,8CG42709ZP,LAPTOP1,005H19,,,005H,,0,0,0
681,HP,PROBOOK 450 G1,780,8CG4270B8F,LAPTOP1,005H23,,,005H,,0,0,0
682,HP,PROBOOK 450 G1,781,8CG4270BB0,LAPTOP1,005H24,,,005H,,0,0,0
683,HP,PROBOOK 450 G1,782,8CG4270B0J,LAPTOP1,005H18,,,005H,,0,0,0
684,HP,PROBOOK 450 G1,783,8CG4270B7B,LAPTOP1,005H21,,,005H,,0,0,0
685,HP,PROBOOK 450 G1,784,8CG4270B03,LAPTOP1,005H22,,,005H,,0,0,0
686,HP,PROBOOK 450 G1,785,8CG4270B65,LAPTOP1,005H16,,,005H,,0,0,0
687,HP,PROBOOK 450 G1,786,8CG42709ZX,LAPTOP1,005H17,,,005H,,0,0,0
688,HP,PROBOOK 450 G1,787,8CG42709VZ,LAPTOP1,005H01,,,005H,,0,0,0
689,HP,PROBOOK 450 G1,788,8CG4270BBW,LAPTOP1,003H24,,,003H,,0,0,0
690,HP,PROBOOK 450 G1,789,8CG4270B3Q,LAPTOP1,003H11,,,003H,,0,0,0
691,HP,PROBOOK 450 G1,790,8CG4270B90,LAPTOP1,003H21,,,003H,,0,0,0
692,HP,PROBOOK 450 G1,791,8CG4270B49,LAPTOP1,003H22,,,003H,,0,0,0
693,HP,PROBOOK 450 G1,792,8CG4270B45,LAPTOP1,003H23,,,003H,,0,0,0
694,HP,PROBOOK 450 G1,793,8CG4270B38,LAPTOP1,003H19,,,003H,,0,0,0
695,HP,PROBOOK 450 G1,794,8CG42709X9,LAPTOP1,003H15,,,003H,,0,0,0
696,HP,PROBOOK 450 G1,795,8CG4270B3C,LAPTOP1,003H18,,,003H,,0,0,0
697,HP,PROBOOK 450 G1,796,8CG4270B4K,LAPTOP1,003H17,,,003H,,0,0,0
698,HP,PROBOOK 450 G1,797,8CG4270BBZ,LAPTOP1,003H13,,,003H,,0,0,0
699,HP,PROBOOK 450 G1,798,8CG4270B8J,LAPTOP1,003H14,,,003H,,0,0,0
700,HP,PROBOOK 450 G1,799,8CG4270B8R,LAPTOP1,003H16,,,003H,,0,0,0
701,HP,PROBOOK 450 G1,800,8CG4270BB1,LAPTOP1,003H07,,,003H,,0,0,0
702,HP,PROBOOK 450 G1,801,8CG4270B3R,LAPTOP1,003H09,,,003H,,0,0,0
703,HP,PROBOOK 450 G1,802,8CG4270B58,LAPTOP1,003H12,,,003H,,0,0,0
704,HP,PROBOOK 450 G1,803,8CG4270BBB,LAPTOP1,003H08,,,003H,,0,0,0
705,HP,PROBOOK 450 G1,804,8CG4270B6F,LAPTOP1,003H03,,,003H,,0,0,0
706,HP,PROBOOK 450 G1,805,8CG4270B9C,LAPTOP1,003H20,,,003H,,0,0,0
707,HP,PROBOOK 450 G1,806,8CG4270B8T,LAPTOP1,003H01,,,003H,,0,0,0
708,HP,PROBOOK 450 G1,807,8CG427B9H,LAPTOP1,003H04,,,003H,,0,0,0
709,HP,PROBOOK 450 G1,808,8CG42709VW,LAPTOP1,003H10,,,003H,,0,0,0
710,HP,PROBOOK 450 G1,809,8CG4270BBF,LAPTOP1,003H02,,,003H,,0,0,0
711,HP,PROBOOK 450 G1,810,8CG42709ZZ,LAPTOP1,003H05,,,003H,,0,0,0
712,HP,PROBOOK 450 G1,811,8CG4270B4R,LAPTOP1,003H06,,,003H,,0,0,0
713,HP,PROBOOK 450 G1,812,8CG42519NY,LAPTOP1,001H11,,,001H,,0,0,0
714,HP,PROBOOK 450 G1,813,8CG42419QR,LAPTOP1,001H10,,,001H,,0,0,0
715,HP,PROBOOK 450 G1,814,8CG42519P8,LAPTOP1,001H09,,,001H,,0,0,0
716,HP,PROBOOK 450 G1,815,8CG42528PD,LAPTOP1,001H01,,,001H,,0,0,0
717,HP,PROBOOK 450 G1,816,8CG42519PT,LAPTOP1,001H13,,,001H,,0,0,0
718,HP,PROBOOK 450 G1,817,8CG42519QB,LAPTOP1,001H12,,,001H,,0,0,0
719,HP,PROBOOK 450 G1,818,8CG42519Q6,LAPTOP1,001H04,,,001H,,0,0,0
720,HP,PROBOOK 450 G1,819,8CG42709WC,LAPTOP1,001H03,,,001H,,0,0,0
721,HP,PROBOOK 450 G1,820,8CG42519NT,LAPTOP1,001H02,,,001H,,0,0,0
722,HP,PROBOOK 450 G1,821,8CG4270B9B,LAPTOP1,001H07,,,001H,,0,0,0
723,HP,PROBOOK 450 G1,822,8CG42518PS,LAPTOP1,001H06,,,001H,,0,0,0
724,HP,PROBOOK 450 G1,823,8CG42519PM,LAPTOP1,001H05,,,001H,,0,0,0
725,HP,PROBOOK 450 G1,824,8CG4270BBG,LAPTOP1,001H24,,,001H,,0,0,0
726,HP,PROBOOK 450 G1,825,8CG42519PK,LAPTOP1,001H23,,,001H,,0,0,0
727,HP,PROBOOK 450 G1,826,8CG42519Q4,LAPTOP1,001H21,,,001H,,0,0,0
728,HP,PROBOOK 450 G1,827,8CG4270B5F,LAPTOP1,001H25,,,001H,,0,0,0
729,HP,PROBOOK 450 G1,828,8CG42519Q9,LAPTOP1,001H22,,,001H,,0,0,0
730,HP,PROBOOK 450 G1,829,8CG42519PZ,LAPTOP1,001H18,,,001H,,0,0,0
731,HP,PROBOOK 450 G1,830,8CG42519PY,LAPTOP1,001H19,,,001H,,0,0,0
732,HP,PROBOOK 450 G1,831,8CG4270B6R,LAPTOP1,001H17,,,001H,,0,0,0
733,HP,PROBOOK 450 G1,832,8CG42519PW,LAPTOP1,001H16,,,001H,,0,0,0
734,HP,PROBOOK 450 G1,833,8CG42519PR,LAPTOP1,001H14,,,001H,,0,0,0
735,HP,PROBOOK 450 G1,834,8CG4251PQ,LAPTOP1,001H15,,,001H,,0,0,0
736,HP,PROBOOK 450 G1,835,8CG42519QC,LAPTOP1,001H08,,,001H,,0,0,0
737,HP,PROBOOK 450 G1,836,8CG42519P4,LAPTOP1,001H20,,,001H,,0,0,0
738,HP,PROBOOK 450 G1,837,8CG42519Q7,LAPTOP1,001H30,,,001H,,0,0,0
739,HP,PROBOOK 450 G1,838,8CG42519NS,LAPTOP1,001H29,,,001H,,0,0,0
740,HP,PROBOOK 450 G1,839,8CG42519Q3,LAPTOP1,001H28,,,001H,,0,0,0
741,HP,PROBOOK 450 G1,840,8CG42519P1,LAPTOP1,001H27,,,001H,,0,0,0
742,HP,PROBOOK 450 G1,841,8CG42519Q1,LAPTOP1,001H26,,,001H,,0,0,0
743,HP,PROBOOK 450 G1,842,8CG42709XX,LAPTOP1,002H29,,,002H,,0,0,0
744,HP,PROBOOK 450 G1,843,8CG42709VX,LAPTOP1,002H07,,,002H,,0,0,0
745,HP,PROBOOK 450 G1,844,8CG42709XD,LAPTOP1,002H08,,,002H,,0,0,0
746,HP,PROBOOK 450 G1,845,8CG42709YK,LAPTOP1,002H12,,,002H,,0,0,0
747,HP,PROBOOK 450 G1,846,8CG42709VQ,LAPTOP1,002H06,,,002H,,0,0,0
748,HP,PROBOOK 450 G1,847,8CG42709YG,LAPTOP1,002H05,,,002H,,0,0,0
749,HP,PROBOOK 450 G1,848,8CG42709ZM,LAPTOP1,002H10,,,002H,,0,0,0
750,HP,PROBOOK 450 G1,849,8CG42709YS,LAPTOP1,002H04,,,002H,,0,0,0
751,HP,PROBOOK 450 G1,850,8CG4270BBY,LAPTOP1,002H03,,,002H,,0,0,0
752,HP,PROBOOK 450 G1,851,8CG42709X2,LAPTOP1,002H09,,,002H,,0,0,0
753,HP,PROBOOK 450 G1,852,8CG42709Z8,LAPTOP1,001H02,,,002H,,0,0,0
754,HP,PROBOOK 450 G1,853,8CG42709WQ,LAPTOP1,002H16,,,002H,,0,0,0
755,HP,PROBOOK 450 G1,854,8CG42709Z9,LAPTOP1,002H15,,,002H,,0,0,0
756,HP,PROBOOK 450 G1,855,8CG4370B2L,LAPTOP1,002H11,,,002H,,0,0,0
757,HP,PROBOOK 450 G1,856,8CG42709XF,LAPTOP1,002H14,,,002H,,0,0,0
758,HP,PROBOOK 450 G1,857,8CG42709XP,LAPTOP1,002H19,,,002H,,0,0,0
759,HP,PROBOOK 450 G1,858,8CG42518P9,LAPTOP1,002H20,,,002H,,0,0,0
760,HP,PROBOOK 450 G1,859,8CG42709TZ,LAPTOP1,002H24,,,002H,,0,0,0
761,HP,PROBOOK 450 G1,860,8CG42519NR,LAPTOP1,002H23,,,002H,,0,0,0
762,HP,PROBOOK 450 G1,861,8CG42709X6,LAPTOP1,002H17,,,002H,,0,0,0
763,HP,PROBOOK 450 G1,862,8CG42709X0,LAPTOP1,002H22,,,002H,,0,0,0
764,HP,PROBOOK 450 G1,863,8CG4270B0G,LAPTOP1,002H21,,,002H,,0,0,0
765,HP,PROBOOK 450 G1,864,8CG4279WG,LAPTOP1,002H26,,,002H,,0,0,0
766,HP,PROBOOK 450 G1,865,8CG42709TY,LAPTOP1,002H27,,,002H,,0,0,0
767,HP,PROBOOK 450 G1,866,8CG4270B1B,LAPTOP1,002H25,,,002H,,0,0,0
768,HP,PROBOOK 450 G1,867,8CG42709XK,LAPTOP1,002H28,,,002H,,0,0,0
769,HP,PROBOOK 450 G1,868,8CG42709W9,LAPTOP1,002H30,,,002H,,0,0,0
770,HP,STREAM 11 PRO G4,869,5CD8086JK4,LAPTOP1,142H06,,,142H,,0,0,0
771,HP,STREAM 11 PRO G4,870,5CD80976YQ,LAPTOP1,142H05,,,142H,,0,0,0
772,HP,STREAM 11 PRO G4,871,5CD809771C,LAPTOP1,142H04,,,142H,,0,0,0
773,HP,STREAM 11 PRO G4,872,5CD80976ZS,LAPTOP1,142H01,,,142H,,0,0,0
774,HP,STREAM 11 PRO G4,873,5CD809772F,LAPTOP1,142H02,,,142H,,0,0,0
775,HP,STREAM 11 PRO G4,874,5CD8097713,LAPTOP1,142H03,,,142H,,0,0,0
776,HP,STREAM 11 PRO G4,875,5CD8096J7W,LAPTOP1,142H10,,,142H,,0,0,0
777,HP,STREAM 11 PRO G4,876,5CD809771Q,LAPTOP1,142H07,,,142H,,0,0,0
778,HP,STREAM 11 PRO G4,877,5CD80976RW,LAPTOP1,142H08,,,142H,,0,0,0
779,HP,STREAM 11 PRO G4,878,5CD8093RP4,LAPTOP1,142H09,,,142H,,0,0,0
780,HP,STREAM 11 PRO G4,879,5CD8087716,LAPTOP1,142H15,,,142H,,0,0,0
781,HP,STREAM 11 PRO G4,880,5CD80976JB,LAPTOP1,142H14,,,142H,,0,0,0
782,HP,STREAM 11 PRO G4,881,5CD809771K,LAPTOP1,142H11,,,142H,,0,0,0
783,HP,STREAM 11 PRO G4,882,5CD80976XV,LAPTOP1,142H12,,,142H,,0,0,0
784,HP,STREAM 11 PRO G4,883,5CD8097710,LAPTOP1,142H13,,,142H,,0,0,0
785,HP,STREAM 11 PRO G4,884,5CD80976X7,LAPTOP1,142H18,,,142H,,0,0,0
786,HP,STREAM 11 PRO G4,885,5CD809772D,LAPTOP1,142H17,,,142H,,0,0,0
787,HP,STREAM 11 PRO G4,886,5CD8093SHT,LAPTOP1,142H16,,,142H,,0,0,0
788,HP,STREAM 11 PRO G4,887,5CD80976GZ,LAPTOP1,142H20,,,142H,,0,0,0
789,HP,STREAM 11 PRO G4,888,5CD80976TD,LAPTOP1,142H19,,,142H,,0,0,0
790,HP,STREAM 11 PRO G4,889,5CD80876ZP,LAPTOP1,142H24,,,142H,,0,0,0
791,HP,STREAM 11 PRO G4,890,5CD8093RF3,LAPTOP1,142H25,,,142H,,0,0,0
792,HP,STREAM 11 PRO G4,891,5CD80876LZ,LAPTOP1,142H23,,,142H,,0,0,0
793,HP,STREAM 11 PRO G4,892,5CD8250N6L,LAPTOP1,142H21,,,142H,,0,0,0
794,HP,STREAM 11 PRO G4,893,5CD80976NG,LAPTOP1,142H23,,,142H,,0,0,0
795,HP,STREAM 11 PRO G4,894,5CD809770Z,LAPTOP1,142H22,,,142H,,0,0,0
796,HP,STREAM 11 PRO G4,895,5CD8097715,LAPTOP1,142H29,,,142H,,0,0,0
797,HP,STREAM 11 PRO G4,896,5CD8250N0N,LAPTOP1,142H30,,,142H,,0,0,0
798,HP,STREAM 11 PRO G4,897,5CD809770R,LAPTOP1,142H27,,,142H,,0,0,0
799,HP,STREAM 11 PRO G4,898,5CD80976L1,LAPTOP1,142H28,,,142H,,0,0,0
800,HP,STREAM 11 PRO G4,899,5CD8250N5J,LAPTOP1,142H31,,,142H,,0,0,0
801,HP,STREAM 11 PRO G2,900,5CD62753DV,LAPTOP1,139H26,,,139H,,0,0,0
802,HP,STREAM 11 PRO G2,901,5CD62753FJ,LAPTOP1,139H23,,,139H,,0,0,0
803,HP,STREAM 11 PRO G2,902,5CD62753DR,LAPTOP1,139H22,,,139H,,0,0,0
804,HP,STREAM 11 PRO G2,903,5CD62754H7,LAPTOP1,139H21,,,139H,,0,0,0
805,HP,STREAM 11 PRO G2,904,5CD62754F1,LAPTOP1,139H20,,,139H,,0,0,0
806,HP,STREAM 11 PRO G2,905,5CD62753FX,LAPTOP1,139H16,,,139H,,0,0,0
807,HP,STREAM 11 PRO G2,906,5CD627539M,LAPTOP1,139H18,,,139H,,0,0,0
808,HP,STREAM 11 PRO G2,907,5CD63753DD,LAPTOP1,139H17,,,139H,,0,0,0
809,HP,STREAM 11 PRO G2,908,5CD604077B,LAPTOP1,139H07,,,139H,,0,0,0
810,HP,STREAM 11 PRO G2,909,5CD627538X,LAPTOP1,139H04,,,139H,,0,0,0
811,HP,STREAM 11 PRO G2,910,5CD62754D5,LAPTOP1,139H02,,,139H,,0,0,0
812,HP,STREAM 11 PRO G2,911,5CD62753FS,LAPTOP1,139H03,,,139H,,0,0,0
813,HP,STREAM 11 PRO G2,912,5CD62753DP,LAPTOP1,139H13,,,139H,,0,0,0
814,HP,STREAM 11 PRO G2,913,5CD627537W,LAPTOP1,139H10,,,139H,,0,0,0
815,HP,STREAM 11 PRO G2,914,5CD62753FG,LAPTOP1,139H05,,,139H,,0,0,0
816,HP,STREAM 11 PRO G2,915,5CD604078X,LAPTOP1,139H08,,,139H,,0,0,0
817,HP,STREAM 11 PRO G2,916,5CD62753G5,LAPTOP1,139H01,,,139H,,0,0,0
818,HP,STREAM 11 PRO G2,917,5CD6040791,LAPTOP1,139H06,,,139H,,0,0,0
819,HP,STREAM 11 PRO G2,918,5CD62753FD,LAPTOP1,139H09,,,139H,,0,0,0
820,HP,STREAM 11 PRO G2,919,5CD62753F1,LAPTOP1,139H15,,,139H,,0,0,0
821,HP,STREAM 11 PRO G2,920,5CD62753FB,LAPTOP1,139H14,,,139H,,0,0,0
822,HP,STREAM 11 PRO G2,921,5CD6258HL2,LAPTOP1,139H11,,,139H,,0,0,0
823,HP,STREAM 11 PRO G2,922,5CD62753FH,LAPTOP1,139H12,,,139H,,0,0,0
824,HP,PROBOOK 450 G1,923,8CG4270B4T,LAPTOP1,009H10,,,009H,,0,0,0
825,HP,PROBOOK 450 G1,924,8CG4270B2C,LAPTOP1,009H09,,,009H,,0,0,0
826,HP,PROBOOK 450 G1,925,8CG42709Y4,LAPTOP1,009H02,,,009H,,0,0,0
827,HP,PROBOOK 450 G1,926,8CG42709YQ,LAPTOP1,009H03,,,009H,,0,0,0
828,HP,PROBOOK 450 G1,927,8CG42709VD,LAPTOP1,009H01,,,009H,,0,0,0
829,HP,PROBOOK 450 G1,928,8CG42709VP,LAPTOP1,009H06,,,009H,,0,0,0
830,HP,PROBOOK 450 G1,929,8CG42709WW,LAPTOP1,009H04,,,009H,,0,0,0
831,HP,PROBOOK 450 G1,930,8CG42519PC,LAPTOP1,009H07,,,009H,,0,0,0
832,HP,PROBOOK 450 G1,931,8CG42709X8,LAPTOP1,009H05,,,009H,,0,0,0
833,HP,PROBOOK 450 G1,932,8CG4270B6L,LAPTOP1,009H08,,,009H,,0,0,0
834,HP,STREAM 11 PRO G3,933,5CD7356NS7,LAPTOP1,009H13,,,009H,,0,0,0
835,HP,STREAM 11 PRO G2,934,5CD6285G0C,LAPTOP1,009H12,,,009H,,0,0,0
836,HP,STREAM 11 PRO G2,935,5CD604077R,LAPTOP1,009H15,,,009H,,0,0,0
837,HP,STREAM 11 PRO G2,936,5CD6285G10,LAPTOP1,009H11,,,009H,,0,0,0
838,HP,STREAM 11 PRO G2,937,5CD6285FZY,LAPTOP1,009H14,,,009H,,0,0,0
839,HP,PROBOOK 450 G1,938,8CG42709YJ,LAPTOP1,147H05,,,147H,,0,0,0
840,HP,PROBOOK 450 G1,939,8CG4270B27,LAPTOP1,147H11,,,147H,,0,0,0
841,HP,PROBOOK 450 G1,940,8CG42709Z3,LAPTOP1,147H08,,,147H,,0,0,0
842,HP,PROBOOK 450 G1,941,8CG42709YH,LAPTOP1,147H01,,,147H,,0,0,0
843,HP,PROBOOK 450 G1,942,8CG4370BZB,LAPTOP1,147H06,,,147H,,0,0,0
844,HP,PROBOOK 450 G1,943,8CG4270B0P,LAPTOP1,147H04,,,147H,,0,0,0
845,HP,PROBOOK 450 G1,944,8CG42708ZL,LAPTOP1,147H02,,,147H,,0,0,0
846,HP,PROBOOK 450 G1,945,8CG4270B8W,LAPTOP1,147H03,,,147H,,0,0,0
847,HP,PROBOOK 450 G1,946,8CG42709WP,LAPTOP1,147H10,,,147H,,0,0,0
848,HP,PROBOOK 450 G1,947,8CT4270B38,LAPTOP1,147H05,,,147H,,0,0,0
849,HP,PROBOOK 450 G1,948,8CG4270B2G,LAPTOP1,142H37,,,147H,,0,0,0
850,HP,PROBOOK 450 G1,949,8CG42519PB,LAPTOP1,007H07,,,007H,,0,0,0
851,HP,PROBOOK 450 G1,950,8CG4270B29,LAPTOP1,007H02,,,007H,,0,0,0
852,HP,PROBOOK 450 G1,951,8CG5260B3G,LAPTOP1,007H05,,,007H,,0,0,0
853,HP,PROBOOK 450 G1,952,8CG4270B1K,LAPTOP1,007H10,,,007H,,0,0,0
854,HP,PROBOOK 450 G1,953,8CG4270B24,LAPTOP1,007H11,,,007H,,0,0,0
855,HP,PROBOOK 450 G1,954,8CG42709W1,LAPTOP1,007H05,,,007H,,0,0,0
856,HP,PROBOOK 450 G1,955,8CG4270B4W,LAPTOP1,007H04,,,007H,,0,0,0
857,HP,PROBOOK 450 G1,956,8CG4270B9V,LAPTOP1,007H03,,,007H,,0,0,0
858,HP,PROBOOK 450 G1,957,8CG4270BB2,LAPTOP1,001L16,,,001L,,0,0,0
859,HP,STREAM 11 PRO G4,958,5CD8250N67,LAPTOP1,001S25,,,001S,,0,0,0
860,HP,STREAM 11 PRO G4,959,5CD8250N4T,LAPTOP1,001S23,,,001S,,0,0,0
861,HP,STREAM 11 PRO G4,960,5CD8250N6C,LAPTOP1,001S12,,,001S,,0,0,0
862,HP,STREAM 11 PRO G4,961,5CD8250N78,LAPTOP1,002L30,,,002L,,0,0,0
863,HP,STREAM 11 PRO G4,962,5CD8250M5Q,LAPTOP1,002L29,,,002L,,0,0,0
864,HP,PROBOOK 450 G1,963,8CG4270B9T,LAPTOP1,001W27,,,001W,,0,0,0
865,HP,PROBOOK 450 G1,964,8CG4270B4Q,LAPTOP1,001W03,,,001W,,0,0,0
866,HP,PROBOOK 650 G1,965,5CG4503L4S,LAPTOP1,001W06,,,001W,,0,0,0
867,HP,STREAM 11 PRO G4,966,5CD809771X,LAPTOP1,003S30,,,003S,,0,0,0
868,HP,STREAM 11 PRO G4,967,5CD80976ZG,LAPTOP1,003W22,,,003W,,0,0,0
869,HP,PROBOOK 450 G1,968,8CG4270B42,LAPTOP1,002S18,,,002S,,0,0,0
870,HP,STREAM 11 PRO G3,969,5CD71927N4,LAPTOP1,004C18,,,004C,,0,0,0
871,HP,STREAM 11 PRO G3,970,5CD71927KG,LAPTOP1,004C20,,,004C,,0,0,0
872,HP,STREAM 11 PRO G3,971,8CG4270B7F,LAPTOP1,003H30,,,003H,,0,0,0
873,HP,STREAM 11 PRO G3,972,8XG4270B46,LAPTOP1,003H29,,,003H,,0,0,0
874,HP,STREAM 11 PRO G3,973,8CG4260B3W,LAPTOP1,003H28,,,003H,,0,0,0
875,HP,STREAM 11 PRO G3,974,8CG4270B66,LAPTOP1,003H25,,,003H,,0,0,0
876,HP,STREAM 11 PRO G3,975,8CG4270B91,LAPTOP1,003H27,,,003H,,0,0,0
877,HP,STREAM 11 PRO G3,976,8CG4270BBD,LAPTOP1,003H26,,,003H,,0,0,0
878,LENOVO,N22,977,YD00KPSY,LAPTOP2,VANDENHEUVEL,,,160H,,0,0,0
879,HP,PROBOOK 455,978,5CD829294B,LAPTOP1,,,,125H,,0,0,0
880,HP,PROBOOK 650 G1,979,5CDG4503L13,LAPTOP1,,,,090H,,0,0,0
881,HP,STREAM 11 PRO G3,980,5CD7356NXS,LAPTOP1,,,,156H,,0,0,0
882,HP,STREAM 11 PRO G4,981,5CD8250N5F,LAPTOP1,,,,156H,,0,0,0
883,HP,PROBOOK 454,982,2CE370LTK,LAPTOP1,,,,800H,,0,0,0
884,HP,PROBOOK 453,983,CNU21105T7,LAPTOP1,,,,800H,,0,0,0
885,APPLE,IPAD 2018,985,DMPXMZY2JF8J,IPAD,SFX1,,,000F,,0,0,0
886,APPLE,IPAD 2018,986,DMPXMZY2JF8J,IPAD,RELABELED #0985 (SFX 1),,,000F,,0,0,0
887,APPLE,IPAD 2018,987,DMPXMW7JJF8J,IPAD,SFX 2,,,000F,,0,0,0
888,APPLE,IPAD 2018,988,DMPXNQUZJF8J,IPAD,SFX,,,000F,,0,0,0
889,APPLE,IPAD 2018,989,DMQXMK7WJF8J,IPAD,SFX 4,,,000F,,0,0,0
890,HP,MFP M225DW,995,,PRINTER,,,,111H,,0,0,0
891,HP,STREAM 11 PRO G3,996,5CD604079T,LAPTOP1,G2,,,136H,,0,0,0
892,HP,STREAM 11 PRO G3,997000,,LAPTOP1,G2,,,136H,,0,0,0
893,HP,STREAM 11 PRO G3,997,5CD604077Z,LAPTOP1,G2,,,136H,,0,0,0
894,HP,STREAM 11 PRO G3,998000,,LAPTOP1,G2,,,136H,,0,0,0
895,HP,STREAM 11 PRO G3,998,5CD5440J1D,LAPTOP1,G2,,,136H,,0,0,0
896,HP,STREAM 11 PRO G3,999,5CD604077M,LAPTOP1,G2,,,136H,,0,0,0
897,HP,STREAM 11 PRO G3,1000,5CD6040737,LAPTOP1,G2,,,136H,,0,0,0
898,HP,STREAM 11 PRO G3,1001,5CD6040777,LAPTOP1,G2,,,136H,,0,0,0
899,HP,STREAM 11 PRO G3,1002,5CD6040767,LAPTOP1,G2,,,136H,,0,0,0
900,HP,STREAM 11 PRO G3,1003,5CD6040783,LAPTOP1,G2,,,136H,,0,0,0
901,HP,STREAM 11 PRO G3,1004,5CD6035H7R,LAPTOP1,G2,,,136H,,0,0,0
902,HP,STREAM 11 PRO G3,1005,5CD604074Z,LAPTOP1,G2,,,136H,,0,0,0
903,HP,STREAM 11 PRO G3,1006,5CD604077J,LAPTOP1,G2,,,136H,,0,0,0
904,HP,STREAM 11 PRO G3,1007,5CD6035H2K,LAPTOP1,G2,,,136H,,0,0,0
905,HP,STREAM 11 PRO G3,1008,5CD60407C0,LAPTOP1,G2,,,136H,,0,0,0
906,HP,STREAM 11 PRO G3,1009,5CD6040768,LAPTOP1,G2,,,136H,,0,0,0
907,HP,STREAM 11 PRO G3,1010,5CD60407BD,LAPTOP1,G2,,,136H,,0,0,0
908,HP,STREAM 11 PRO G3,1011,5CD604075X,LAPTOP1,G2,,,136H,,0,0,0
909,HP,STREAM 11 PRO G3,1012,5CD604077G,LAPTOP1,G2,,,136H,,0,0,0
910,HP,STREAM 11 PRO G3,1013,5CD604079Q,LAPTOP1,G2,,,136H,,0,0,0
911,HP,STREAM 11 PRO G3,1014,5CD6040701,LAPTOP1,G2,,,136H,,0,0,0
912,HP,STREAM 11 PRO G3,1015,5CD604079P,LAPTOP1,G2,,,136H,,0,0,0
913,HP,STREAM 11 PRO G3,1016,5CD60407B0,LAPTOP1,G2,,,136H,,0,0,0
914,HP,STREAM 11 PRO G3,1017,5CD604077N,LAPTOP1,G2,,,136H,,0,0,0
915,HP,STREAM 11 PRO G3,1018,5CD6040771,LAPTOP1,G2,,,136H,,0,0,0
916,HP,STREAM 11 PRO G3,1019,5CD60407B9,LAPTOP1,G2,,,136H,,0,0,0
917,HP,STREAM 11 PRO G3,1020,5CD6040775,LAPTOP1,G2,,,136H,,0,0,0
918,HP,STREAM 11 PRO G3,1021,5CD6040756,LAPTOP1,G2,,,136H,,0,0,0
919,HP,STREAM 11 PRO G3,1022,5CD60406TB,LAPTOP1,G2,,,136H,,0,0,0
920,HP,STREAM 11 PRO G3,1023,5CD604076B,LAPTOP1,G2,,,136H,,0,0,0
921,HP,STREAM 11 PRO G3,1024,5CD604075D,LAPTOP1,G2,,,136H,,0,0,0
922,HP,STREAM 11 PRO G3,1025,5CD60407BN,LAPTOP1,G2,,,136H,,0,0,0
923,HP,PROBOOK 450 G1,1073,8CG42709X3,LAPTOP1,,,,003M,,0,0,0
924,HP,PROBOOK 450 G1,1074,8CG4270B55,LAPTOP1,,,,003M,,0,0,0
925,HP,PROBOOK 450 G1,1075,8CG4270B8P,LAPTOP1,,,,003M,,0,0,0
926,HP,PROBOOK 450 G1,1076,8CG42709VF,LAPTOP1,,,,003M,,0,0,0
927,HP,PROBOOK 450 G1,1077,8CG42709XR,LAPTOP1,,,,003M,,0,0,0
928,HP,PROBOOK 450 G1,1078,8CG4270B25,LAPTOP1,,,,003M,,0,0,0
929,HP,PROBOOK 450 G1,1079,8CG4270B6Q,LAPTOP1,,,,003M,,0,0,0
930,HP,PROBOOK 450 G1,1080,8CG42709W0,LAPTOP1,,,,003M,,0,0,0
931,HP,PROBOOK 450 G1,1081,8CG4270B36,LAPTOP1,,,,003M,,0,0,0
932,HP,PROBOOK 450 G1,1082,8CG4270BBQ,LAPTOP1,,,,003M,,0,0,0
933,HP,PROBOOK 450 G1,1083,8CG42709X5,LAPTOP1,003M12,,,003M,,0,0,0
934,HP,PROBOOK 450 G1,1085,8CG4370BBP,LAPTOP1,003M11,,,003M,,0,0,0
935,HP,PROBOOK 450 G1,1086,8CG4260B7Q,LAPTOP1,003M13,,,003M,,0,0,0
936,HP,PROBOOK 450 G1,1087,8CG4W70B5V,LAPTOP1,003M14,,,003M,,0,0,0
937,HP,PROBOOK 450 G1,1089,8CG4270B5S,LAPTOP1,003M15,,,003M,,0,0,0
938,HP,PROBOOK 450 G1,1090,8CG4270B7G,LAPTOP1,003M30,,,003M,,0,0,0
939,HP,PROBOOK 450 G1,1091,8CG4270B5X,LAPTOP1,003M28,,,003M,,0,0,0
940,HP,PROBOOK 450 G1,1092,8CG4270B4M,LAPTOP1,003M29,,,003M,,0,0,0
941,HP,PROBOOK 450 G1,109300,8CG4270B5C,LAPTOP1,,,,003M,,0,0,0
942,HP,PROBOOK 450 G1,1093,8CG4270B4J,LAPTOP1,003M26,,,003M,,0,0,0
943,HP,PROBOOK 450 G1,109400,8CG4270B3F,LAPTOP1,,,,003M,,0,0,0
944,HP,PROBOOK 450 G1,1094,8CG4270B63,LAPTOP1,003M27,,,003M,,0,0,0
945,HP,PROBOOK 450 G1,1095,8CG4270B7R,LAPTOP1,,,,003M,,0,0,0
946,HP,PROBOOK 450 G1,1096,8CG4270BB9,LAPTOP1,,,,003M,,0,0,0
947,HP,PROBOOK 450 G1,1099,8CG4270B4C,LAPTOP1,,,,003M,,0,0,0
948,HP,PROBOOK 450 G1,1100,8CG4270B21,LAPTOP1,,,,003M,,0,0,0
949,HP,PROBOOK 450 G1,1101,8CG4270B5W,LAPTOP1,,,,003M,,0,0,0
950,HP,PROBOOK 450 G1,1102,8CG4270BBV,LAPTOP1,,,,003M,,0,0,0
951,HP,PROBOOK 450 G1,1103,8CG4270B31,LAPTOP1,,,,003M,,0,0,0
952,HP,PROBOOK 450 G1,1104,8CG4270B7Z,LAPTOP1,,,,003M,,0,0,0
953,HP,PROBOOK 450 G1,1105,8CG42709ZR,LAPTOP1,,,,003M,,0,0,0
954,HP,PROBOOK 450 G1,1106,8CG4270B51,LAPTOP1,,,,003M,,0,0,0
955,HP,PROBOOK 450 G1,1107,8CG4270B0T,LAPTOP1,,,,003M,,0,0,0
956,HP,PROBOOK 450 G1,1108,8CG4270B5T,LAPTOP1,,,,003M,,0,0,0
957,HP,PROBOOK 450 G1,1109,8CG4270B5K,LAPTOP1,,,,003M,,0,0,0
958,HP,STREAM 11 PRO G2,1111,5CD62753DZ,LAPTOP1,116M82,,,116M,,0,0,0
959,HP,STREAM 11 PRO G2,1112,5CD604078M,LAPTOP1,116M83,,,116M,,0,0,0
960,HP,STREAM 11 PRO G4,1113,5CD250N76,LAPTOP1,116M84,,,116M,,0,0,0
961,LENOVO,N22,1114,YD00KQAJ,LAPTOP2,,,,000M,,0,0,0
962,LENOVO,N22,1115,YD00KPWH,LAPTOP2,,,,000M,,0,0,0
963,HP,STREAM 11 PRO G2,1116,5CD6285FMB,LAPTOP1,125M23,,,000M,,0,0,0
964,HP,STREAM 11 PRO G4,1249,5CS824DHDD,LAPTOP1,,,,192W,,0,0,0
965,HP,PROBOOK 450 G1,1250,8CG427092H,LAPTOP1,002H01,,,002H,,0,0,0
966,HP,STREAM 11 PRO G2,1119,5CD62753DB,LAPTOP1,MISSING D KEY,12,,101X,,0,0,0
967,CISCO,3842-REGULAR,1118,,PHONE,,,,101X,,0,0,0
968,HP,MFP M225DW,1117,,PRINTER,,,,101X,,0,0,0
969,EPSON,POWERLITE 530,1153,,PROJECTOR,,,,101X,,0,0,0
970,MAK,GENERIC,1154,,COMPUTER TOWER,,,,101X,,0,0,0
971,CISCO,8841-BIG,1155,,PHONE,,,,108X,,0,0,0
972,HP,MFP M225DW,1156,,PRINTER,,,,110X,,0,0,0
973,CISCO,8841-BIG,1157,,PHONE,,,,110X,,0,0,0
974,HP,MFP M225DW,1158,,PRINTER,,,,116X,,0,0,0
975,HP,M551 COLOR,1159,,PRINTER,,,,116X,,0,0,0
976,CISCO,3842-REGULAR,1160,,PHONE,,,,116X,,0,0,0
977,CISCO,3842-REGULAR,1121,,PHONE,,,,107X,,0,0,0
978,AVER,M70,1122,,DOCUMENT CAMERA,,,,107X,,0,0,0
979,HP,PROBOOK 650 G1,1123,,LAPTOP1,,,,107X,,0,0,0
980,EPSON,POWERLITE 430,1124,,PROJECTOR,,,,107X,,0,0,0
981,HP,PROBOOK 650 G1,1060,5CG5093DT9,LAPTOP1,,,,110H,,0,0,0
982,HP,PROBOOK 450 G1,1059,8CG4270BB3,LAPTOP1,,,,110H,,0,0,0
983,HP,CHOOSE,1055,5CD71927MP,CHOOSE,DAMAGED,,,110H,,0,0,0
984,HP,STREAM 11 PRO G3,1054,5CD71927KM,LAPTOP1,,,,003S,,0,0,0
